-- phpMyAdmin SQL Dump
-- version 4.7.0
-- https://www.phpmyadmin.net/
--
-- Host: 127.0.0.1
-- Generation Time: Dec 28, 2017 at 11:02 AM
-- Server version: 10.1.25-MariaDB
-- PHP Version: 5.6.31

SET SQL_MODE = "NO_AUTO_VALUE_ON_ZERO";
SET AUTOCOMMIT = 0;
START TRANSACTION;
SET time_zone = "+00:00";


/*!40101 SET @OLD_CHARACTER_SET_CLIENT=@@CHARACTER_SET_CLIENT */;
/*!40101 SET @OLD_CHARACTER_SET_RESULTS=@@CHARACTER_SET_RESULTS */;
/*!40101 SET @OLD_COLLATION_CONNECTION=@@COLLATION_CONNECTION */;
/*!40101 SET NAMES utf8mb4 */;

--
-- Database: `nhadatchinhchu`
--

-- --------------------------------------------------------

--
-- Table structure for table `album`
--

CREATE TABLE `album` (
  `album_id` int(11) NOT NULL,
  `album_name` varchar(255) NOT NULL,
  `status` int(11) NOT NULL
) ENGINE=MyISAM DEFAULT CHARSET=utf8;

-- --------------------------------------------------------

--
-- Table structure for table `area`
--

CREATE TABLE `area` (
  `id` int(11) NOT NULL,
  `name` varchar(255) CHARACTER SET utf8 NOT NULL,
  `display_order` int(11) NOT NULL,
  `status` tinyint(1) NOT NULL,
  `value_from` double NOT NULL,
  `value_to` double NOT NULL,
  `created_at` datetime NOT NULL,
  `updated_at` datetime NOT NULL
) ENGINE=MyISAM DEFAULT CHARSET=latin1;

-- --------------------------------------------------------

--
-- Table structure for table `articles`
--

CREATE TABLE `articles` (
  `id` int(11) NOT NULL,
  `title_vi` varchar(500) NOT NULL,
  `title_en` varchar(500) NOT NULL,
  `slug_vi` varchar(500) NOT NULL,
  `alias_vi` varchar(500) NOT NULL,
  `description_vi` text,
  `description_en` text,
  `image_url` varchar(255) DEFAULT NULL,
  `cate_id` int(11) NOT NULL COMMENT '999 : landing page',
  `content_vi` text,
  `content_en` text,
  `is_hot` tinyint(1) NOT NULL,
  `status` tinyint(1) NOT NULL,
  `display_order` tinyint(4) NOT NULL,
  `meta_id` bigint(20) NOT NULL,
  `created_at` datetime NOT NULL,
  `updated_at` datetime NOT NULL,
  `created_user` tinyint(4) NOT NULL,
  `updated_user` tinyint(4) NOT NULL,
  `slug_en` varchar(255) DEFAULT NULL,
  `alias_en` varchar(255) DEFAULT NULL
) ENGINE=InnoDB DEFAULT CHARSET=utf8;

--
-- Dumping data for table `articles`
--

INSERT INTO `articles` (`id`, `title_vi`, `title_en`, `slug_vi`, `alias_vi`, `description_vi`, `description_en`, `image_url`, `cate_id`, `content_vi`, `content_en`, `is_hot`, `status`, `display_order`, `meta_id`, `created_at`, `updated_at`, `created_user`, `updated_user`, `slug_en`, `alias_en`) VALUES
(2, 'gsdgasdg', 'dhdsfhdfhdsfhdfh', 'gsdgasdg', 'gsdgasdg', 'gsdgasdg', 'dhdf', '/public/uploads/images/bai-viet/2017-12-27_160709-1514429528.png', 1, 'dsgasd dsg sg sgds sadg &aacute;', 'hdfhdfhdfh', 1, 1, 0, 8, '2017-12-28 09:53:42', '2017-12-28 10:46:28', 2, 2, 'dhdsfhdfhdsfhdfh', 'dhdsfhdfhdsfhdfh');

-- --------------------------------------------------------

--
-- Table structure for table `articles_cate`
--

CREATE TABLE `articles_cate` (
  `id` int(11) NOT NULL,
  `name_vi` varchar(255) NOT NULL,
  `name_en` varchar(255) NOT NULL,
  `slug_vi` varchar(255) NOT NULL,
  `slug_en` varchar(255) NOT NULL,
  `is_hot` tinyint(1) NOT NULL DEFAULT '0',
  `description_vi` varchar(500) DEFAULT NULL,
  `description_en` varchar(500) DEFAULT NULL,
  `image_url` varchar(255) DEFAULT NULL,
  `created_at` datetime NOT NULL,
  `updated_at` datetime NOT NULL,
  `created_user` tinyint(4) NOT NULL,
  `updated_user` tinyint(4) NOT NULL,
  `status` tinyint(1) NOT NULL,
  `display_order` tinyint(4) NOT NULL,
  `meta_id` bigint(20) NOT NULL
) ENGINE=InnoDB DEFAULT CHARSET=utf8;

--
-- Dumping data for table `articles_cate`
--

INSERT INTO `articles_cate` (`id`, `name_vi`, `name_en`, `slug_vi`, `slug_en`, `is_hot`, `description_vi`, `description_en`, `image_url`, `created_at`, `updated_at`, `created_user`, `updated_user`, `status`, `display_order`, `meta_id`) VALUES
(1, 'Xây dựng - Sửa chữa', 'Xây dựng - Sửa chữa', 'xay-dung-sua-chua', 'xay-dung-sua-chua', 0, '', '', NULL, '2017-12-20 23:14:43', '2017-12-20 23:14:43', 2, 2, 1, 0, 4),
(2, 'Trang trí nội thất', 'Trang trí nội thất', 'trang-tri-noi-that', 'trang-tri-noi-that', 0, '', '', NULL, '2017-12-20 23:16:10', '2017-12-20 23:16:10', 2, 2, 1, 0, 5);

-- --------------------------------------------------------

--
-- Table structure for table `banner`
--

CREATE TABLE `banner` (
  `id` int(11) NOT NULL,
  `image_url` varchar(255) NOT NULL,
  `ads_url` varchar(255) NOT NULL,
  `time_start` int(11) NOT NULL,
  `time_end` int(11) NOT NULL,
  `object_id` bigint(20) NOT NULL,
  `object_type` tinyint(1) NOT NULL COMMENT '1 : danh muc cha , 2 : danh mục con',
  `type` int(11) NOT NULL COMMENT '1 : không liên kết, 2 : trỏ đến 1 trang, 3',
  `display_order` int(11) NOT NULL,
  `status` int(11) NOT NULL,
  `created_at` datetime NOT NULL,
  `updated_at` datetime NOT NULL,
  `created_user` tinyint(4) NOT NULL,
  `updated_user` tinyint(4) NOT NULL
) ENGINE=InnoDB DEFAULT CHARSET=utf8;

-- --------------------------------------------------------

--
-- Table structure for table `block`
--

CREATE TABLE `block` (
  `id` int(11) NOT NULL,
  `name` varchar(255) NOT NULL,
  `status` tinyint(1) NOT NULL
) ENGINE=InnoDB DEFAULT CHARSET=utf8;

-- --------------------------------------------------------

--
-- Table structure for table `cate`
--

CREATE TABLE `cate` (
  `id` int(11) NOT NULL,
  `name_vi` varchar(255) NOT NULL,
  `name_en` varchar(255) NOT NULL,
  `alias` varchar(255) NOT NULL,
  `slug` varchar(255) NOT NULL,
  `description_vi` varchar(500) DEFAULT NULL,
  `description_en` varchar(500) DEFAULT NULL,
  `display_order` tinyint(4) NOT NULL,
  `meta_id` bigint(20) DEFAULT NULL,
  `status` tinyint(1) NOT NULL,
  `created_user` tinyint(4) NOT NULL,
  `updated_user` tinyint(4) NOT NULL,
  `created_at` datetime NOT NULL,
  `updated_at` datetime NOT NULL
) ENGINE=InnoDB DEFAULT CHARSET=utf8;

--
-- Dumping data for table `cate`
--

INSERT INTO `cate` (`id`, `name_vi`, `name_en`, `alias`, `slug`, `description_vi`, `description_en`, `display_order`, `meta_id`, `status`, `created_user`, `updated_user`, `created_at`, `updated_at`) VALUES
(1, 'BĐS Chính Chủ', 'BĐS Chính Chủ', 'bds-chinh-chu', 'bds-chinh-chu', NULL, NULL, 0, NULL, 1, 1, 1, '2017-12-20 18:56:36', '2017-12-20 18:56:36'),
(2, 'BĐS Nổi Bật', 'BĐS Nổi Bật', 'bds-noi-bat', 'bds-noi-bat', NULL, NULL, 0, NULL, 1, 1, 1, '2017-12-20 18:56:36', '2017-12-20 18:56:36'),
(3, 'BĐS Dự Án', 'BĐS Dự Án', 'bds-du-an', 'bds-du-an', NULL, NULL, 0, NULL, 1, 1, 1, '2017-12-20 18:56:36', '2017-12-20 18:56:36'),
(4, 'BĐS Thành Viên', 'BĐS Thành Viên', 'bds-thanh-vien', 'bds-thanh-vien', NULL, NULL, 0, NULL, 1, 1, 1, '2017-12-20 18:56:36', '2017-12-20 18:56:36'),
(5, 'BĐS Mới Nhất', 'BĐS Mới Nhất', 'bds-moi-nhat', 'bds-moi-nhat', NULL, NULL, 0, NULL, 1, 1, 1, '2017-12-20 18:56:36', '2017-12-20 18:56:36');

-- --------------------------------------------------------

--
-- Table structure for table `city`
--

CREATE TABLE `city` (
  `id` int(11) NOT NULL,
  `code` varchar(5) NOT NULL,
  `name` varchar(255) NOT NULL,
  `alias` varchar(255) DEFAULT NULL,
  `display_order` int(11) NOT NULL,
  `created_at` datetime NOT NULL,
  `updated_at` datetime NOT NULL
) ENGINE=MyISAM DEFAULT CHARSET=utf8;

--
-- Dumping data for table `city`
--

INSERT INTO `city` (`id`, `code`, `name`, `alias`, `display_order`, `created_at`, `updated_at`) VALUES
(1, 'SG', 'Hồ Chí Minh', 'ho-chi-minh', 1, '2017-04-27 13:26:09', '2017-04-27 13:26:09'),
(2, 'HN', 'Hà Nội', 'hà-nọi', 2, '2017-04-27 13:26:09', '2017-04-27 13:26:09'),
(3, 'BD', 'Bình Dương', 'binh-duong', 3, '2017-04-27 13:26:09', '2017-04-27 13:26:09'),
(4, 'DDN', 'Đà Nẵng', 'da-nang', 4, '2017-04-27 13:26:09', '2017-04-27 13:26:09'),
(5, 'HP', 'Hải Phòng', 'hai-phong', 5, '2017-04-27 13:26:09', '2017-04-27 13:26:09'),
(6, 'LA', 'Long An', 'long-an', 6, '2017-04-27 13:26:09', '2017-04-27 13:26:09'),
(7, 'VT', 'Bà Rịa Vũng Tàu', 'ba-ria-vung-tau', 7, '2017-04-27 13:26:09', '2017-04-27 13:26:09'),
(8, 'AG', 'An Giang', 'an-giang', 8, '2017-04-27 13:26:09', '2017-04-27 13:26:09'),
(9, 'BG', 'Bắc Giang', 'bac-giang', 9, '2017-04-27 13:26:09', '2017-04-27 13:26:09'),
(10, 'BK', 'Bắc Kạn', 'bac-kan', 10, '2017-04-27 13:26:09', '2017-04-27 13:26:09'),
(11, 'BL', 'Bạc Liêu', 'bac-lieu', 11, '2017-04-27 13:26:09', '2017-04-27 13:26:09'),
(12, 'BN', 'Bắc Ninh', 'bac-ninh', 12, '2017-04-27 13:26:09', '2017-04-27 13:26:09'),
(13, 'BTR', 'Bến Tre', 'ben-tre', 13, '2017-04-27 13:26:09', '2017-04-27 13:26:09'),
(14, 'BDD', 'Bình Định', 'binh-dinh', 14, '2017-04-27 13:26:09', '2017-04-27 13:26:09'),
(15, 'BP', 'Bình Phước', 'binh-phuoc', 15, '2017-04-27 13:26:09', '2017-04-27 13:26:09'),
(16, 'BTH', 'Bình Thuận  ', 'binh-thuan', 16, '2017-04-27 13:26:09', '2017-04-27 13:26:09'),
(17, 'CM', 'Cà Mau', 'ca-mau', 17, '2017-04-27 13:26:09', '2017-04-27 13:26:09'),
(18, 'CT', 'Cần Thơ', 'can-tho', 18, '2017-04-27 13:26:09', '2017-04-27 13:26:09'),
(19, 'CB', 'Cao Bằng', 'cao-bang', 19, '2017-04-27 13:26:09', '2017-04-27 13:26:09'),
(20, 'DDL', 'Đắk Lắk', 'dak-lak', 20, '2017-04-27 13:26:09', '2017-04-27 13:26:09'),
(21, 'DNO', 'Đắk Nông', 'dak-nong', 21, '2017-04-27 13:26:09', '2017-04-27 13:26:09'),
(22, 'DDB', 'Điện Biên', 'dien-bien', 22, '2017-04-27 13:26:09', '2017-04-27 13:26:09'),
(23, 'DNA', 'Đồng Nai', 'dong-nai', 23, '2017-04-27 13:26:09', '2017-04-27 13:26:09'),
(24, 'DDT', 'Đồng Tháp', 'dong-thap', 24, '2017-04-27 13:26:09', '2017-04-27 13:26:09'),
(25, 'GL', 'Gia Lai', 'gia-lai', 25, '2017-04-27 13:26:09', '2017-04-27 13:26:09'),
(26, 'HG', 'Hà Giang', 'ha-giang', 26, '2017-04-27 13:26:09', '2017-04-27 13:26:09'),
(27, 'HNA', 'Hà Nam', 'ha-nam', 27, '2017-04-27 13:26:09', '2017-04-27 13:26:09'),
(28, 'HT', 'Hà Tĩnh', 'ha-tinh', 28, '2017-04-27 13:26:09', '2017-04-27 13:26:09'),
(29, 'HD', 'Hải Dương', 'hai-duong', 29, '2017-04-27 13:26:09', '2017-04-27 13:26:09'),
(30, 'HGI', 'Hậu Giang', 'hau-giang', 30, '2017-04-27 13:26:09', '2017-04-27 13:26:09'),
(31, 'HB', 'Hòa Bình', 'hoa-binh', 31, '2017-04-27 13:26:09', '2017-04-27 13:26:09'),
(32, 'HY', 'Hưng Yên', 'hung-yen', 32, '2017-04-27 13:26:09', '2017-04-27 13:26:09'),
(33, 'KH', 'Khánh Hòa', 'khanh-hoa', 33, '2017-04-27 13:26:09', '2017-04-27 13:26:09'),
(34, 'KG', 'Kiên Giang', 'kien-giang', 34, '2017-04-27 13:26:09', '2017-04-27 13:26:09'),
(35, 'KT', 'Kon Tum', 'kon-tum', 35, '2017-04-27 13:26:09', '2017-04-27 13:26:09'),
(36, 'LCH', 'Lai Châu', 'lai-chau', 36, '2017-04-27 13:26:09', '2017-04-27 13:26:09'),
(37, 'LDD', 'Lâm Đồng', 'lam-dong', 37, '2017-04-27 13:26:09', '2017-04-27 13:26:09'),
(38, 'LS', 'Lạng Sơn', 'lang-son', 38, '2017-04-27 13:26:09', '2017-04-27 13:26:09'),
(39, 'LCA', 'Lào Cai', 'lao-cai', 39, '2017-04-27 13:26:09', '2017-04-27 13:26:09'),
(40, 'NDD', 'Nam Định', 'nam-dinh', 40, '2017-04-27 13:26:09', '2017-04-27 13:26:09'),
(41, 'NA', 'Nghệ An', 'nghe-an', 41, '2017-04-27 13:26:09', '2017-04-27 13:26:09'),
(42, 'NB', 'Ninh Bình', 'ninh-binh', 42, '2017-04-27 13:26:09', '2017-04-27 13:26:09'),
(43, 'NT', 'Ninh Thuận', 'ninh-thuan', 43, '2017-04-27 13:26:09', '2017-04-27 13:26:09'),
(44, 'PT', 'Phú Thọ', 'phu-tho', 44, '2017-04-27 13:26:09', '2017-04-27 13:26:09'),
(45, 'PY', 'Phú Yên', 'phu-yen', 45, '2017-04-27 13:26:09', '2017-04-27 13:26:09'),
(46, 'QB', 'Quảng Bình', 'quang-binh', 46, '2017-04-27 13:26:09', '2017-04-27 13:26:09'),
(47, 'QNA', 'Quảng Nam', 'quang-nam', 47, '2017-04-27 13:26:09', '2017-04-27 13:26:09'),
(48, 'QNG', 'Quảng Ngãi', 'quang-ngai', 48, '2017-04-27 13:26:09', '2017-04-27 13:26:09'),
(49, 'QNI', 'Quảng Ninh', 'quang-ninh', 49, '2017-04-27 13:26:09', '2017-04-27 13:26:09'),
(50, 'QT', 'Quảng Trị', 'quang-tri', 50, '2017-04-27 13:26:09', '2017-04-27 13:26:09'),
(51, 'ST', 'Sóc Trăng', 'soc-trang', 51, '2017-04-27 13:26:09', '2017-04-27 13:26:09'),
(52, 'SL', 'Sơn La', 'son-la', 52, '2017-04-27 13:26:09', '2017-04-27 13:26:09'),
(53, 'TNI', 'Tây Ninh', 'tay-ninh', 53, '2017-04-27 13:26:09', '2017-04-27 13:26:09'),
(54, 'TB', 'Thái Bình', 'thai-binh', 54, '2017-04-27 13:26:09', '2017-04-27 13:26:09'),
(55, 'TN', 'Thái Nguyên', 'thai-nguyen', 55, '2017-04-27 13:26:09', '2017-04-27 13:26:09'),
(56, 'TH', 'Thanh Hóa', 'thanh-hoa', 56, '2017-04-27 13:26:09', '2017-04-27 13:26:09'),
(57, 'TTH', 'Thừa Thiên Huế', 'thua-thien-hue', 57, '2017-04-27 13:26:09', '2017-04-27 13:26:09'),
(58, 'TG', 'Tiền Giang', 'tien-giang', 58, '2017-04-27 13:26:09', '2017-04-27 13:26:09'),
(59, 'TV', 'Trà Vinh', 'tra-vinh', 59, '2017-04-27 13:26:09', '2017-04-27 13:26:09'),
(60, 'TQ', 'Tuyên Quang', 'tuyen-quang', 60, '2017-04-27 13:26:09', '2017-04-27 13:26:09'),
(61, 'VL', 'Vĩnh Long', 'vinh-long', 61, '2017-04-27 13:26:09', '2017-04-27 13:26:09'),
(62, 'VP', 'Vĩnh Phúc', 'vinh-phuc', 62, '2017-04-27 13:26:09', '2017-04-27 13:26:09'),
(63, 'YB', 'Yên Bái', 'yen-bai', 63, '2017-04-27 13:26:09', '2017-04-27 13:26:09');

-- --------------------------------------------------------

--
-- Table structure for table `contact`
--

CREATE TABLE `contact` (
  `id` int(11) NOT NULL,
  `type` tinyint(4) NOT NULL,
  `title` varchar(255) NOT NULL,
  `gender` tinyint(1) NOT NULL DEFAULT '1',
  `full_name` varchar(255) NOT NULL,
  `email` varchar(255) NOT NULL,
  `phone` varchar(20) NOT NULL,
  `content` text NOT NULL,
  `status` tinyint(1) NOT NULL DEFAULT '1',
  `project_id` int(11) DEFAULT NULL,
  `created_at` datetime NOT NULL,
  `updated_at` datetime NOT NULL,
  `updated_user` int(11) NOT NULL
) ENGINE=InnoDB DEFAULT CHARSET=utf8;

-- --------------------------------------------------------

--
-- Table structure for table `customers`
--

CREATE TABLE `customers` (
  `id` int(11) NOT NULL,
  `name` varchar(255) NOT NULL,
  `address` varchar(255) DEFAULT NULL,
  `phone` varchar(20) DEFAULT NULL,
  `email` varchar(255) DEFAULT NULL,
  `gender` tinyint(1) NOT NULL,
  `status` tinyint(1) NOT NULL,
  `birthday` varchar(20) NOT NULL,
  `cmnd` varchar(20) DEFAULT NULL,
  `is_main` tinyint(1) DEFAULT NULL,
  `created_at` int(11) NOT NULL,
  `updated_at` int(11) NOT NULL,
  `user_id` int(11) NOT NULL
) ENGINE=InnoDB DEFAULT CHARSET=utf8;

-- --------------------------------------------------------

--
-- Table structure for table `custom_link`
--

CREATE TABLE `custom_link` (
  `id` int(11) NOT NULL,
  `link_text` varchar(255) NOT NULL,
  `link_url` varchar(255) NOT NULL,
  `display_order` int(11) NOT NULL,
  `block_id` int(11) NOT NULL COMMENT '1 : lien ket noi bat'
) ENGINE=InnoDB DEFAULT CHARSET=utf8;

-- --------------------------------------------------------

--
-- Table structure for table `district`
--

CREATE TABLE `district` (
  `id` int(11) NOT NULL,
  `name` varchar(255) NOT NULL,
  `slug` varchar(255) DEFAULT NULL,
  `meta_id` int(11) DEFAULT NULL,
  `id_dothi` int(11) NOT NULL,
  `city_id` int(11) NOT NULL,
  `display_order` int(11) NOT NULL,
  `status` tinyint(1) NOT NULL,
  `created_at` datetime DEFAULT NULL,
  `updated_at` datetime DEFAULT NULL
) ENGINE=MyISAM DEFAULT CHARSET=utf8;

--
-- Dumping data for table `district`
--

INSERT INTO `district` (`id`, `name`, `slug`, `meta_id`, `id_dothi`, `city_id`, `display_order`, `status`, `created_at`, `updated_at`) VALUES
(1, 'Quận 1', 'quan-1', NULL, 53, 1, 1, 1, '2017-04-27 13:46:49', '2017-04-27 13:46:49'),
(2, 'Quận 2', 'quan-2', NULL, 54, 1, 2, 1, '2017-04-27 13:46:49', '2017-04-27 13:46:49'),
(3, 'Quận 3', 'quan-3', NULL, 55, 1, 3, 1, '2017-04-27 13:46:49', '2017-04-27 13:46:49'),
(4, 'Quận 4', 'quan-4', NULL, 56, 1, 4, 1, '2017-04-27 13:46:49', '2017-04-27 13:46:49'),
(5, 'Quận 5', 'quan-5', NULL, 57, 1, 5, 1, '2017-04-27 13:46:49', '2017-04-27 13:46:49'),
(6, 'Quận 6', 'quan-6', NULL, 58, 1, 6, 1, '2017-04-27 13:46:49', '2017-04-27 13:46:49'),
(7, 'Quận 7', 'quan-7', NULL, 59, 1, 7, 1, '2017-04-27 13:46:49', '2017-04-27 13:46:49'),
(8, 'Quận 8', 'quan-8', NULL, 60, 1, 8, 1, '2017-04-27 13:46:49', '2017-04-27 13:46:49'),
(9, 'Quận 9', 'quan-9', NULL, 61, 1, 9, 1, '2017-04-27 13:46:49', '2017-04-27 13:46:49'),
(10, 'Quận 10', 'quan-10', NULL, 62, 1, 10, 1, '2017-04-27 13:46:49', '2017-04-27 13:46:49'),
(11, 'Quận 11', 'quan-11', NULL, 63, 1, 11, 1, '2017-04-27 13:46:49', '2017-04-27 13:46:49'),
(12, 'Quận 12', 'quan-12', NULL, 64, 1, 12, 1, '2017-04-27 13:46:49', '2017-04-27 13:46:49'),
(13, 'Bình Tân', 'binh-tan', NULL, 65, 1, 13, 1, '2017-04-27 13:46:49', '2017-04-27 13:46:49'),
(14, 'Bình Thạnh', 'binh-thanh', NULL, 66, 1, 14, 1, '2017-04-27 13:46:49', '2017-04-27 13:46:49'),
(15, 'Gò Vấp', 'go-vap', NULL, 67, 1, 15, 1, '2017-04-27 13:46:49', '2017-04-27 13:46:49'),
(16, 'Phú Nhuận', 'phu-nhuan', NULL, 68, 1, 16, 1, '2017-04-27 13:46:49', '2017-04-27 13:46:49'),
(17, 'Tân Bình', 'tan-binh', NULL, 69, 1, 17, 1, '2017-04-27 13:46:49', '2017-04-27 13:46:49'),
(18, 'Tân Phú', 'tan-phu', NULL, 70, 1, 18, 1, '2017-04-27 13:46:49', '2017-04-27 13:46:49'),
(19, 'Thủ Đức', 'thu-duc', NULL, 71, 1, 19, 1, '2017-04-27 13:46:49', '2017-04-27 13:46:49'),
(20, 'Bình Chánh', 'binh-chanh', NULL, 72, 1, 20, 1, '2017-04-27 13:46:49', '2017-04-27 13:46:49'),
(21, 'Cần Giờ', 'can-gio', NULL, 73, 1, 21, 1, '2017-04-27 13:46:49', '2017-04-27 13:46:49'),
(22, 'Củ Chi', 'cu-chi', NULL, 74, 1, 22, 1, '2017-04-27 13:46:49', '2017-04-27 13:46:49'),
(23, 'Hóc Môn', 'hoc-mon', NULL, 75, 1, 23, 1, '2017-04-27 13:46:49', '2017-04-27 13:46:49'),
(24, 'Nhà Bè', 'nha-be', NULL, 76, 1, 24, 1, '2017-04-27 13:46:49', '2017-04-27 13:46:49'),
(25, 'Hoàn Kiếm', 'hoan-kiem', NULL, 1, 2, 1, 1, '2017-04-27 13:46:49', '2017-04-27 13:46:49'),
(26, 'Ba Đình', 'ba-dinh', NULL, 2, 2, 2, 1, '2017-04-27 13:46:49', '2017-04-27 13:46:49'),
(27, 'Đống Đa', 'dong-da', NULL, 3, 2, 3, 1, '2017-04-27 13:46:49', '2017-04-27 13:46:49'),
(28, 'Hai Bà Trưng', 'hai-ba-trung', NULL, 4, 2, 4, 1, '2017-04-27 13:46:49', '2017-04-27 13:46:49'),
(29, 'Thanh Xuân', 'thanh-xuan', NULL, 5, 2, 5, 1, '2017-04-27 13:46:49', '2017-04-27 13:46:49'),
(30, 'Tây Hồ', 'tay-ho', NULL, 6, 2, 6, 1, '2017-04-27 13:46:49', '2017-04-27 13:46:49'),
(31, 'Cầu Giấy', 'cau-giay', NULL, 7, 2, 7, 1, '2017-04-27 13:46:49', '2017-04-27 13:46:49'),
(32, 'Hoàng Mai', 'hoang-mai', NULL, 8, 2, 8, 1, '2017-04-27 13:46:49', '2017-04-27 13:46:49'),
(33, 'Long Biên', 'long-bien', NULL, 9, 2, 9, 1, '2017-04-27 13:46:49', '2017-04-27 13:46:49'),
(34, 'Đông Anh', 'dong-anh', NULL, 10, 2, 10, 1, '2017-04-27 13:46:49', '2017-04-27 13:46:49'),
(35, 'Gia Lâm', 'gia-lam', NULL, 11, 2, 11, 1, '2017-04-27 13:46:49', '2017-04-27 13:46:49'),
(36, 'Sóc Sơn', 'soc-son', NULL, 12, 2, 12, 1, '2017-04-27 13:46:49', '2017-04-27 13:46:49'),
(37, 'Thanh Trì', 'thanh-tri', NULL, 13, 2, 13, 1, '2017-04-27 13:46:49', '2017-04-27 13:46:49'),
(38, 'Bắc Từ Liêm', 'bac-tu-liem', NULL, 718, 2, 14, 1, '2017-04-27 13:46:49', '2017-04-27 13:46:49'),
(39, 'Nam Từ Liêm', 'nam-tu-liem', NULL, 14, 2, 15, 1, '2017-04-27 13:46:49', '2017-04-27 13:46:49'),
(40, 'Hà Đông', 'ha-dong', NULL, 15, 2, 16, 1, '2017-04-27 13:46:49', '2017-04-27 13:46:49'),
(41, 'Sơn Tây', 'son-tay', NULL, 16, 2, 17, 1, '2017-04-27 13:46:49', '2017-04-27 13:46:49'),
(42, 'Mê Linh', 'me-linh', NULL, 17, 2, 18, 1, '2017-04-27 13:46:49', '2017-04-27 13:46:49'),
(43, 'Ba Vì', 'ba-vi', NULL, 18, 2, 19, 1, '2017-04-27 13:46:49', '2017-04-27 13:46:49'),
(44, 'Phúc Thọ', 'phuc-tho', NULL, 19, 2, 20, 1, '2017-04-27 13:46:49', '2017-04-27 13:46:49'),
(45, 'Đan Phượng', 'dan-phuong', NULL, 20, 2, 21, 1, '2017-04-27 13:46:49', '2017-04-27 13:46:49'),
(46, 'Hoài Đức', 'hoai-duc', NULL, 21, 2, 22, 1, '2017-04-27 13:46:49', '2017-04-27 13:46:49'),
(47, 'Quốc Oai', 'quoc-oai', NULL, 22, 2, 23, 1, '2017-04-27 13:46:49', '2017-04-27 13:46:49'),
(48, 'Thạch Thất', 'thach-that', NULL, 23, 2, 24, 1, '2017-04-27 13:46:49', '2017-04-27 13:46:49'),
(49, 'Chương Mỹ', 'chuong-my', NULL, 24, 2, 25, 1, '2017-04-27 13:46:49', '2017-04-27 13:46:49'),
(50, 'Thanh Oai', 'thanh-oai', NULL, 25, 2, 26, 1, '2017-04-27 13:46:49', '2017-04-27 13:46:49'),
(51, 'Thường Tín', 'thuong-tin', NULL, 26, 2, 27, 1, '2017-04-27 13:46:49', '2017-04-27 13:46:49'),
(52, 'Phú Xuyên', 'phu-xuyen', NULL, 27, 2, 28, 1, '2017-04-27 13:46:49', '2017-04-27 13:46:49'),
(53, 'Ứng Hòa', 'ung-hoa', NULL, 28, 2, 29, 1, '2017-04-27 13:46:49', '2017-04-27 13:46:49'),
(54, 'Mỹ Đức', 'my-duc', NULL, 29, 2, 30, 1, '2017-04-27 13:46:49', '2017-04-27 13:46:49'),
(55, 'Bến Cát', 'ben-cat', NULL, 156, 3, 1, 1, '2017-04-27 13:46:49', '2017-04-27 13:46:49'),
(56, 'Dầu Tiếng', 'dau-tieng', NULL, 157, 3, 2, 1, '2017-04-27 13:46:49', '2017-04-27 13:46:49'),
(57, 'Dĩ An', 'di-an', NULL, 158, 3, 3, 1, '2017-04-27 13:46:49', '2017-04-27 13:46:49'),
(58, 'Phú Giáo', 'phu-giao', NULL, 159, 3, 4, 1, '2017-04-27 13:46:49', '2017-04-27 13:46:49'),
(59, 'Tân Uyên', 'tan-uyen', NULL, 160, 3, 5, 1, '2017-04-27 13:46:49', '2017-04-27 13:46:49'),
(60, 'Thuận An', 'thuan-an', NULL, 161, 3, 6, 1, '2017-04-27 13:46:49', '2017-04-27 13:46:49'),
(61, 'Thủ Dầu Một', 'thu-dau-mot', NULL, 163, 3, 7, 1, '2017-04-27 13:46:49', '2017-04-27 13:46:49'),
(62, 'Bàu Bàng', 'bau-bang', NULL, 716, 3, 8, 1, '2017-04-27 13:46:49', '2017-04-27 13:46:49'),
(63, 'Cẩm Lệ', 'cam-le', NULL, 45, 4, 1, 1, '2017-04-27 13:46:49', '2017-04-27 13:46:49'),
(64, 'Hải Châu', 'hai-chau', NULL, 46, 4, 2, 1, '2017-04-27 13:46:49', '2017-04-27 13:46:49'),
(65, 'Liên Chiểu', 'lien-chieu', NULL, 47, 4, 3, 1, '2017-04-27 13:46:49', '2017-04-27 13:46:49'),
(66, 'Ngũ Hành Sơn', 'ngu-hanh-son', NULL, 48, 4, 4, 1, '2017-04-27 13:46:49', '2017-04-27 13:46:49'),
(67, 'Sơn Trà', 'son-tra', NULL, 49, 4, 5, 1, '2017-04-27 13:46:49', '2017-04-27 13:46:49'),
(68, 'Thanh Khê', 'thanh-khe', NULL, 50, 4, 6, 1, '2017-04-27 13:46:49', '2017-04-27 13:46:49'),
(69, 'Hòa Vang', 'hoa-vang', NULL, 51, 4, 7, 1, '2017-04-27 13:46:49', '2017-04-27 13:46:49'),
(70, 'Hoàng Sa', 'hoang-sa', NULL, 52, 4, 8, 1, '2017-04-27 13:46:49', '2017-04-27 13:46:49'),
(71, 'Đồ Sơn', 'do-son', NULL, 30, 5, 1, 1, '2017-04-27 13:46:49', '2017-04-27 13:46:49'),
(72, 'Dương Kinh', 'duong-kinh', NULL, 31, 5, 2, 1, '2017-04-27 13:46:49', '2017-04-27 13:46:49'),
(73, 'Hải An', 'hai-an', NULL, 32, 5, 3, 1, '2017-04-27 13:46:49', '2017-04-27 13:46:49'),
(74, 'Hồng Bàng', 'hong-bang', NULL, 33, 5, 4, 1, '2017-04-27 13:46:49', '2017-04-27 13:46:49'),
(75, 'Kiến An', 'kien-an', NULL, 34, 5, 5, 1, '2017-04-27 13:46:49', '2017-04-27 13:46:49'),
(76, 'Lê Chân', 'le-chan', NULL, 35, 5, 6, 1, '2017-04-27 13:46:49', '2017-04-27 13:46:49'),
(77, 'Ngô Quyền', 'ngo-quyen', NULL, 36, 5, 7, 1, '2017-04-27 13:46:49', '2017-04-27 13:46:49'),
(78, 'An Dương', 'an-duong', NULL, 37, 5, 8, 1, '2017-04-27 13:46:49', '2017-04-27 13:46:49'),
(79, 'An Lão', 'an-lao', NULL, 38, 5, 9, 1, '2017-04-27 13:46:49', '2017-04-27 13:46:49'),
(80, 'Bạch Long Vĩ', 'bach-long-vi', NULL, 39, 5, 10, 1, '2017-04-27 13:46:49', '2017-04-27 13:46:49'),
(81, 'Cát Hải', 'cat-hai', NULL, 40, 5, 11, 1, '2017-04-27 13:46:49', '2017-04-27 13:46:49'),
(82, 'Kiến Thụy', 'kien-thuy', NULL, 41, 5, 12, 1, '2017-04-27 13:46:49', '2017-04-27 13:46:49'),
(83, 'Thủy Nguyên', 'thuy-nguyen', NULL, 42, 5, 13, 1, '2017-04-27 13:46:49', '2017-04-27 13:46:49'),
(84, 'Tiên Lãng', 'tien-lang', NULL, 43, 5, 14, 1, '2017-04-27 13:46:49', '2017-04-27 13:46:49'),
(85, 'Vĩnh Bảo', 'vinh-bao', NULL, 44, 5, 15, 1, '2017-04-27 13:46:49', '2017-04-27 13:46:49'),
(86, 'Bến Lức', 'ben-luc', NULL, 415, 6, 1, 1, '2017-04-27 13:46:50', '2017-04-27 13:46:50'),
(87, 'Cần Đước', 'can-duoc', NULL, 416, 6, 2, 1, '2017-04-27 13:46:50', '2017-04-27 13:46:50'),
(88, 'Cần Giuộc', 'can-giuoc', NULL, 417, 6, 3, 1, '2017-04-27 13:46:50', '2017-04-27 13:46:50'),
(89, 'Châu Thành', 'chau-thanh', NULL, 418, 6, 4, 1, '2017-04-27 13:46:50', '2017-04-27 13:46:50'),
(90, 'Đức Hòa', 'duc-hoa', NULL, 419, 6, 5, 1, '2017-04-27 13:46:50', '2017-04-27 13:46:50'),
(91, 'Đức Huệ', 'duc-hue', NULL, 420, 6, 6, 1, '2017-04-27 13:46:50', '2017-04-27 13:46:50'),
(92, 'Mộc Hóa', 'moc-hoa', NULL, 421, 6, 7, 1, '2017-04-27 13:46:50', '2017-04-27 13:46:50'),
(93, 'Tân Hưng', 'tan-hung', NULL, 422, 6, 8, 1, '2017-04-27 13:46:50', '2017-04-27 13:46:50'),
(94, 'Tân Thạnh', 'tan-thanh', NULL, 423, 6, 9, 1, '2017-04-27 13:46:50', '2017-04-27 13:46:50'),
(95, 'Tân Trụ', 'tan-tru', NULL, 424, 6, 10, 1, '2017-04-27 13:46:50', '2017-04-27 13:46:50'),
(96, 'Thạnh Hóa', 'thanh-hoa', NULL, 425, 6, 11, 1, '2017-04-27 13:46:50', '2017-04-27 13:46:50'),
(97, 'Thủ Thừa', 'thu-thua', NULL, 426, 6, 12, 1, '2017-04-27 13:46:50', '2017-04-27 13:46:50'),
(98, 'Vĩnh Hưng', 'vinh-hung', NULL, 427, 6, 13, 1, '2017-04-27 13:46:50', '2017-04-27 13:46:50'),
(99, 'Tân An', 'tan-an', NULL, 429, 6, 14, 1, '2017-04-27 13:46:50', '2017-04-27 13:46:50'),
(100, 'Kiến Tường', 'kien-tuong', NULL, 724, 6, 15, 1, '2017-04-27 13:46:50', '2017-04-27 13:46:50'),
(101, 'Châu Đức', 'chau-duc', NULL, 96, 7, 1, 1, '2017-04-27 13:46:50', '2017-04-27 13:46:50'),
(102, 'Côn Đảo', 'con-dao', NULL, 97, 7, 2, 1, '2017-04-27 13:46:50', '2017-04-27 13:46:50'),
(103, 'Đất Đỏ', 'dat-do', NULL, 98, 7, 3, 1, '2017-04-27 13:46:50', '2017-04-27 13:46:50'),
(104, 'Long Điền', 'long-dien', NULL, 99, 7, 4, 1, '2017-04-27 13:46:50', '2017-04-27 13:46:50'),
(105, 'Tân Thành', 'tan-thanh', NULL, 100, 7, 5, 1, '2017-04-27 13:46:50', '2017-04-27 13:46:50'),
(106, 'Xuyên Mộc', 'xuyen-moc', NULL, 101, 7, 6, 1, '2017-04-27 13:46:50', '2017-04-27 13:46:50'),
(107, 'Vũng Tàu', 'vung-tau', NULL, 102, 7, 7, 1, '2017-04-27 13:46:50', '2017-04-27 13:46:50'),
(108, 'Bà Rịa', 'ba-ria', NULL, 103, 7, 8, 1, '2017-04-27 13:46:50', '2017-04-27 13:46:50'),
(109, 'An Phú', 'an-phu', NULL, 85, 8, 1, 1, '2017-04-27 13:46:50', '2017-04-27 13:46:50'),
(110, 'Châu Phú', 'chau-phu', NULL, 86, 8, 2, 1, '2017-04-27 13:46:50', '2017-04-27 13:46:50'),
(111, 'Châu Thành', 'chau-thanh', NULL, 87, 8, 3, 1, '2017-04-27 13:46:50', '2017-04-27 13:46:50'),
(112, 'Chợ Mới', 'cho-moi', NULL, 88, 8, 4, 1, '2017-04-27 13:46:50', '2017-04-27 13:46:50'),
(113, 'Tri Tôn', 'tri-ton', NULL, 89, 8, 5, 1, '2017-04-27 13:46:50', '2017-04-27 13:46:50'),
(114, 'Phú Tân', 'phu-tan', NULL, 90, 8, 6, 1, '2017-04-27 13:46:50', '2017-04-27 13:46:50'),
(115, 'Tân Châu', 'tan-chau', NULL, 91, 8, 7, 1, '2017-04-27 13:46:50', '2017-04-27 13:46:50'),
(116, 'Thoại Sơn', 'thoai-son', NULL, 92, 8, 8, 1, '2017-04-27 13:46:50', '2017-04-27 13:46:50'),
(117, 'Tịnh Biên', 'tinh-bien', NULL, 93, 8, 9, 1, '2017-04-27 13:46:50', '2017-04-27 13:46:50'),
(118, 'Long Xuyên', 'long-xuyen', NULL, 94, 8, 10, 1, '2017-04-27 13:46:50', '2017-04-27 13:46:50'),
(119, 'Châu Đốc', 'chau-doc', NULL, 95, 8, 11, 1, '2017-04-27 13:46:50', '2017-04-27 13:46:50'),
(120, 'Hiệp Hòa', 'hiep-hoa', NULL, 104, 9, 1, 1, '2017-04-27 13:46:50', '2017-04-27 13:46:50'),
(121, 'Lạng Giang', 'lang-giang', NULL, 105, 9, 2, 1, '2017-04-27 13:46:50', '2017-04-27 13:46:50'),
(122, 'Lục Nam', 'luc-nam', NULL, 106, 9, 3, 1, '2017-04-27 13:46:50', '2017-04-27 13:46:50'),
(123, 'Lục Ngạn', 'luc-ngan', NULL, 107, 9, 4, 1, '2017-04-27 13:46:50', '2017-04-27 13:46:50'),
(124, 'Sơn Động', 'son-dong', NULL, 108, 9, 5, 1, '2017-04-27 13:46:50', '2017-04-27 13:46:50'),
(125, 'Tân Yên', 'tan-yen', NULL, 109, 9, 6, 1, '2017-04-27 13:46:50', '2017-04-27 13:46:50'),
(126, 'Việt Yên', 'viet-yen', NULL, 110, 9, 7, 1, '2017-04-27 13:46:50', '2017-04-27 13:46:50'),
(127, 'Yên Dũng', 'yen-dung', NULL, 111, 9, 8, 1, '2017-04-27 13:46:50', '2017-04-27 13:46:50'),
(128, 'Yên Thế', 'yen-the', NULL, 112, 9, 9, 1, '2017-04-27 13:46:50', '2017-04-27 13:46:50'),
(129, 'Bắc Giang', 'bac-giang', NULL, 113, 9, 10, 1, '2017-04-27 13:46:50', '2017-04-27 13:46:50'),
(130, 'Ba Bể', 'ba-be', NULL, 114, 10, 1, 1, '2017-04-27 13:46:50', '2017-04-27 13:46:50'),
(131, 'Bạch Thông', 'bach-thong', NULL, 115, 10, 2, 1, '2017-04-27 13:46:50', '2017-04-27 13:46:50'),
(132, 'Chợ Đồn', 'cho-don', NULL, 116, 10, 3, 1, '2017-04-27 13:46:50', '2017-04-27 13:46:50'),
(133, 'Chợ Mới', 'cho-moi', NULL, 117, 10, 4, 1, '2017-04-27 13:46:50', '2017-04-27 13:46:50'),
(134, 'Na Rì', 'na-ri', NULL, 118, 10, 5, 1, '2017-04-27 13:46:50', '2017-04-27 13:46:50'),
(135, 'Ngân Sơn', 'ngan-son', NULL, 119, 10, 6, 1, '2017-04-27 13:46:50', '2017-04-27 13:46:50'),
(136, 'Pác Nặm', 'pac-nam', NULL, 120, 10, 7, 1, '2017-04-27 13:46:50', '2017-04-27 13:46:50'),
(137, 'Bắc Kạn', 'bac-kan', NULL, 121, 10, 8, 1, '2017-04-27 13:46:50', '2017-04-27 13:46:50'),
(138, 'Đông Hải', 'dong-hai', NULL, 122, 11, 1, 1, '2017-04-27 13:46:50', '2017-04-27 13:46:50'),
(139, 'Giá Rai', 'gia-rai', NULL, 123, 11, 2, 1, '2017-04-27 13:46:50', '2017-04-27 13:46:50'),
(140, 'Hòa Bình', 'hoa-binh', NULL, 124, 11, 3, 1, '2017-04-27 13:46:50', '2017-04-27 13:46:50'),
(141, 'Hồng Dân', 'hong-dan', NULL, 125, 11, 4, 1, '2017-04-27 13:46:50', '2017-04-27 13:46:50'),
(142, 'Phước Long', 'phuoc-long', NULL, 126, 11, 5, 1, '2017-04-27 13:46:50', '2017-04-27 13:46:50'),
(143, 'Vĩnh Lợi', 'vinh-loi', NULL, 127, 11, 6, 1, '2017-04-27 13:46:50', '2017-04-27 13:46:50'),
(144, 'Bạc Liêu', 'bac-lieu', NULL, 128, 11, 7, 1, '2017-04-27 13:46:50', '2017-04-27 13:46:50'),
(145, 'Gia Bình', 'gia-binh', NULL, 129, 12, 1, 1, '2017-04-27 13:46:51', '2017-04-27 13:46:51'),
(146, 'Lương Tài', 'luong-tai', NULL, 130, 12, 2, 1, '2017-04-27 13:46:51', '2017-04-27 13:46:51'),
(147, 'Quế Võ', 'que-vo', NULL, 131, 12, 3, 1, '2017-04-27 13:46:51', '2017-04-27 13:46:51'),
(148, 'Thuận Thành', 'thuan-thanh', NULL, 132, 12, 4, 1, '2017-04-27 13:46:51', '2017-04-27 13:46:51'),
(149, 'Tiên Du', 'tien-du', NULL, 133, 12, 5, 1, '2017-04-27 13:46:51', '2017-04-27 13:46:51'),
(150, 'Từ Sơn', 'tu-son', NULL, 134, 12, 6, 1, '2017-04-27 13:46:51', '2017-04-27 13:46:51'),
(151, 'Yên Phong', 'yen-phong', NULL, 135, 12, 7, 1, '2017-04-27 13:46:51', '2017-04-27 13:46:51'),
(152, 'Bắc Ninh', 'bac-ninh', NULL, 136, 12, 8, 1, '2017-04-27 13:46:51', '2017-04-27 13:46:51'),
(153, 'Ba Tri', 'ba-tri', NULL, 137, 13, 1, 1, '2017-04-27 13:46:51', '2017-04-27 13:46:51'),
(154, 'Bình Đại', 'binh-dai', NULL, 138, 13, 2, 1, '2017-04-27 13:46:51', '2017-04-27 13:46:51'),
(155, 'Châu Thành', 'chau-thanh', NULL, 139, 13, 3, 1, '2017-04-27 13:46:51', '2017-04-27 13:46:51'),
(156, 'Chợ Lách', 'cho-lach', NULL, 140, 13, 4, 1, '2017-04-27 13:46:51', '2017-04-27 13:46:51'),
(157, 'Giồng Trôm', 'giong-trom', NULL, 141, 13, 5, 1, '2017-04-27 13:46:51', '2017-04-27 13:46:51'),
(158, 'Thạnh Phú', 'thanh-phu', NULL, 143, 13, 6, 1, '2017-04-27 13:46:51', '2017-04-27 13:46:51'),
(159, 'Bến Tre', 'ben-tre', NULL, 144, 13, 7, 1, '2017-04-27 13:46:51', '2017-04-27 13:46:51'),
(160, 'Mỏ Cày Bắc', 'mo-cay-bac', NULL, 705, 13, 8, 1, '2017-04-27 13:46:51', '2017-04-27 13:46:51'),
(161, 'Mỏ Cày Nam', 'mo-cay-nam', NULL, 706, 13, 9, 1, '2017-04-27 13:46:51', '2017-04-27 13:46:51'),
(162, 'An Lão', 'an-lao', NULL, 145, 14, 1, 1, '2017-04-27 13:46:51', '2017-04-27 13:46:51'),
(163, 'An Nhơn', 'an-nhon', NULL, 146, 14, 2, 1, '2017-04-27 13:46:51', '2017-04-27 13:46:51'),
(164, 'Hoài Ân', 'hoai-an', NULL, 147, 14, 3, 1, '2017-04-27 13:46:51', '2017-04-27 13:46:51'),
(165, 'Hoài Nhơn', 'hoai-nhon', NULL, 148, 14, 4, 1, '2017-04-27 13:46:51', '2017-04-27 13:46:51'),
(166, 'Phù Cát', 'phu-cat', NULL, 149, 14, 5, 1, '2017-04-27 13:46:51', '2017-04-27 13:46:51'),
(167, 'Phù Mỹ', 'phu-my', NULL, 150, 14, 6, 1, '2017-04-27 13:46:51', '2017-04-27 13:46:51'),
(168, 'Tây Sơn', 'tay-son', NULL, 151, 14, 7, 1, '2017-04-27 13:46:51', '2017-04-27 13:46:51'),
(169, 'Tuy Phước', 'tuy-phuoc', NULL, 152, 14, 8, 1, '2017-04-27 13:46:51', '2017-04-27 13:46:51'),
(170, 'Vân Canh', 'van-canh', NULL, 153, 14, 9, 1, '2017-04-27 13:46:51', '2017-04-27 13:46:51'),
(171, 'Vĩnh Thạnh', 'vinh-thanh', NULL, 154, 14, 10, 1, '2017-04-27 13:46:51', '2017-04-27 13:46:51'),
(172, 'Quy Nhơn', 'quy-nhon', NULL, 155, 14, 11, 1, '2017-04-27 13:46:51', '2017-04-27 13:46:51'),
(173, 'Bình Long', 'binh-long', NULL, 164, 15, 1, 1, '2017-04-27 13:46:51', '2017-04-27 13:46:51'),
(174, 'Bù Đăng', 'bu-dang', NULL, 165, 15, 2, 1, '2017-04-27 13:46:51', '2017-04-27 13:46:51'),
(175, 'Bù Đốp', 'bu-dop', NULL, 166, 15, 3, 1, '2017-04-27 13:46:51', '2017-04-27 13:46:51'),
(176, 'Chơn Thành', 'chon-thanh', NULL, 167, 15, 4, 1, '2017-04-27 13:46:51', '2017-04-27 13:46:51'),
(177, 'Đồng Phú', 'dong-phu', NULL, 168, 15, 5, 1, '2017-04-27 13:46:51', '2017-04-27 13:46:51'),
(178, 'Lộc Ninh', 'loc-ninh', NULL, 169, 15, 6, 1, '2017-04-27 13:46:51', '2017-04-27 13:46:51'),
(179, 'Phước Long', 'phuoc-long', NULL, 170, 15, 7, 1, '2017-04-27 13:46:51', '2017-04-27 13:46:51'),
(180, 'Đồng Xoài', 'dong-xoai', NULL, 171, 15, 8, 1, '2017-04-27 13:46:51', '2017-04-27 13:46:51'),
(181, 'Hớn Quản', 'hon-quan', NULL, 698, 15, 9, 1, '2017-04-27 13:46:51', '2017-04-27 13:46:51'),
(182, 'Bù Gia Mập', 'bu-gia-map', NULL, 699, 15, 10, 1, '2017-04-27 13:46:51', '2017-04-27 13:46:51'),
(183, 'Bắc Bình', 'bac-binh', NULL, 172, 16, 1, 1, '2017-04-27 13:46:51', '2017-04-27 13:46:51'),
(184, 'Đảo Phú Quý', 'dao-phu-quy', NULL, 173, 16, 2, 1, '2017-04-27 13:46:51', '2017-04-27 13:46:51'),
(185, 'Đức Linh', 'duc-linh', NULL, 174, 16, 3, 1, '2017-04-27 13:46:51', '2017-04-27 13:46:51'),
(186, 'Hàm Tân', 'ham-tan', NULL, 175, 16, 4, 1, '2017-04-27 13:46:51', '2017-04-27 13:46:51'),
(187, 'Hàm Thuận Bắc', 'ham-thuan-bac', NULL, 176, 16, 5, 1, '2017-04-27 13:46:51', '2017-04-27 13:46:51'),
(188, 'Hàm Thuận Nam', 'ham-thuan-nam', NULL, 177, 16, 6, 1, '2017-04-27 13:46:51', '2017-04-27 13:46:51'),
(189, 'Tánh Linh', 'tanh-linh', NULL, 178, 16, 7, 1, '2017-04-27 13:46:51', '2017-04-27 13:46:51'),
(190, 'Tuy Phong', 'tuy-phong', NULL, 179, 16, 8, 1, '2017-04-27 13:46:51', '2017-04-27 13:46:51'),
(191, 'Phan Thiết', 'phan-thiet', NULL, 181, 16, 9, 1, '2017-04-27 13:46:51', '2017-04-27 13:46:51'),
(192, 'La Gi', 'la-gi', NULL, 182, 16, 10, 1, '2017-04-27 13:46:51', '2017-04-27 13:46:51'),
(193, 'Cái Nước', 'cai-nuoc', NULL, 183, 17, 1, 1, '2017-04-27 13:46:51', '2017-04-27 13:46:51'),
(194, 'Đầm Dơi', 'dam-doi', NULL, 184, 17, 2, 1, '2017-04-27 13:46:51', '2017-04-27 13:46:51'),
(195, 'Năm Căn', 'nam-can', NULL, 185, 17, 3, 1, '2017-04-27 13:46:51', '2017-04-27 13:46:51'),
(196, 'Ngọc Hiển', 'ngoc-hien', NULL, 186, 17, 4, 1, '2017-04-27 13:46:51', '2017-04-27 13:46:51'),
(197, 'Phú Tân', 'phu-tan', NULL, 187, 17, 5, 1, '2017-04-27 13:46:51', '2017-04-27 13:46:51'),
(198, 'Thới Bình', 'thoi-binh', NULL, 188, 17, 6, 1, '2017-04-27 13:46:51', '2017-04-27 13:46:51'),
(199, 'Trần Văn Thời', 'tran-van-thoi', NULL, 189, 17, 7, 1, '2017-04-27 13:46:52', '2017-04-27 13:46:52'),
(200, 'U Minh', 'u-minh', NULL, 190, 17, 8, 1, '2017-04-27 13:46:52', '2017-04-27 13:46:52'),
(201, 'Cà Mau', 'ca-mau', NULL, 191, 17, 9, 1, '2017-04-27 13:46:52', '2017-04-27 13:46:52'),
(202, 'Cờ Đỏ', 'co-do', NULL, 77, 18, 1, 1, '2017-04-27 13:46:52', '2017-04-27 13:46:52'),
(203, 'Phong Điền', 'phong-dien', NULL, 78, 18, 2, 1, '2017-04-27 13:46:52', '2017-04-27 13:46:52'),
(204, 'Thốt Nốt', 'thot-not', NULL, 79, 18, 3, 1, '2017-04-27 13:46:52', '2017-04-27 13:46:52'),
(205, 'Vĩnh Thạnh', 'vinh-thanh', NULL, 80, 18, 4, 1, '2017-04-27 13:46:52', '2017-04-27 13:46:52'),
(206, 'Bình Thủy', 'binh-thuy', NULL, 81, 18, 5, 1, '2017-04-27 13:46:52', '2017-04-27 13:46:52'),
(207, 'Cái Răng', 'cai-rang', NULL, 82, 18, 6, 1, '2017-04-27 13:46:52', '2017-04-27 13:46:52'),
(208, 'Ninh Kiều', 'ninh-kieu', NULL, 83, 18, 7, 1, '2017-04-27 13:46:52', '2017-04-27 13:46:52'),
(209, 'Ô Môn', 'o-mon', NULL, 84, 18, 8, 1, '2017-04-27 13:46:52', '2017-04-27 13:46:52'),
(210, ' Thới Lai', 'thoi-lai', NULL, 704, 18, 9, 1, '2017-04-27 13:46:52', '2017-04-27 13:46:52'),
(211, 'Bảo Lạc', 'bao-lac', NULL, 192, 19, 1, 1, '2017-04-27 13:46:52', '2017-04-27 13:46:52'),
(212, 'Bảo Lâm', 'bao-lam', NULL, 193, 19, 2, 1, '2017-04-27 13:46:52', '2017-04-27 13:46:52'),
(213, 'Hạ Lang', 'ha-lang', NULL, 194, 19, 3, 1, '2017-04-27 13:46:52', '2017-04-27 13:46:52'),
(214, 'Hà Quảng', 'ha-quang', NULL, 195, 19, 4, 1, '2017-04-27 13:46:52', '2017-04-27 13:46:52'),
(215, 'Hòa An', 'hoa-an', NULL, 196, 19, 5, 1, '2017-04-27 13:46:52', '2017-04-27 13:46:52'),
(216, 'Nguyên Bình', 'nguyen-binh', NULL, 197, 19, 6, 1, '2017-04-27 13:46:52', '2017-04-27 13:46:52'),
(217, 'Phục Hòa', 'phuc-hoa', NULL, 198, 19, 7, 1, '2017-04-27 13:46:52', '2017-04-27 13:46:52'),
(218, 'Quảng Uyên', 'quang-uyen', NULL, 199, 19, 8, 1, '2017-04-27 13:46:52', '2017-04-27 13:46:52'),
(219, 'Thạch An', 'thach-an', NULL, 200, 19, 9, 1, '2017-04-27 13:46:52', '2017-04-27 13:46:52'),
(220, 'Thông Nông', 'thong-nong', NULL, 201, 19, 10, 1, '2017-04-27 13:46:52', '2017-04-27 13:46:52'),
(221, 'Trà Lĩnh', 'tra-linh', NULL, 202, 19, 11, 1, '2017-04-27 13:46:52', '2017-04-27 13:46:52'),
(222, 'Trùng Khánh', 'trung-khanh', NULL, 203, 19, 12, 1, '2017-04-27 13:46:52', '2017-04-27 13:46:52'),
(223, 'Cao Bằng', 'cao-bang', NULL, 204, 19, 13, 1, '2017-04-27 13:46:52', '2017-04-27 13:46:52'),
(224, 'Buôn Đôn', 'buon-don', NULL, 205, 20, 1, 1, '2017-04-27 13:46:52', '2017-04-27 13:46:52'),
(225, 'Cư Kuin', 'cu-kuin', NULL, 206, 20, 2, 1, '2017-04-27 13:46:52', '2017-04-27 13:46:52'),
(226, 'Cư M\'gar', 'cu-mgar', NULL, 207, 20, 3, 1, '2017-04-27 13:46:52', '2017-04-27 13:46:52'),
(227, 'Ea H\'Leo', 'ea-hleo', NULL, 208, 20, 4, 1, '2017-04-27 13:46:52', '2017-04-27 13:46:52'),
(228, 'Ea Kar', 'ea-kar', NULL, 209, 20, 5, 1, '2017-04-27 13:46:52', '2017-04-27 13:46:52'),
(229, 'Ea Súp', 'ea-sup', NULL, 210, 20, 6, 1, '2017-04-27 13:46:52', '2017-04-27 13:46:52'),
(230, 'Krông Ana', 'krong-ana', NULL, 211, 20, 7, 1, '2017-04-27 13:46:52', '2017-04-27 13:46:52'),
(231, 'Krông Bông', 'krong-bong', NULL, 212, 20, 8, 1, '2017-04-27 13:46:52', '2017-04-27 13:46:52'),
(232, 'Krông Buk', 'krong-buk', NULL, 213, 20, 9, 1, '2017-04-27 13:46:52', '2017-04-27 13:46:52'),
(233, 'Krông Năng', 'krong-nang', NULL, 214, 20, 10, 1, '2017-04-27 13:46:52', '2017-04-27 13:46:52'),
(234, 'Krông Pắc', 'krong-pac', NULL, 215, 20, 11, 1, '2017-04-27 13:46:52', '2017-04-27 13:46:52'),
(235, 'Lăk', 'lak', NULL, 216, 20, 12, 1, '2017-04-27 13:46:52', '2017-04-27 13:46:52'),
(236, 'M\'Đrăk', 'mdrak', NULL, 217, 20, 13, 1, '2017-04-27 13:46:52', '2017-04-27 13:46:52'),
(237, 'Buôn Ma Thuột', 'buon-ma-thuot', NULL, 218, 20, 14, 1, '2017-04-27 13:46:52', '2017-04-27 13:46:52'),
(238, 'Buôn Hồ', 'buon-ho', NULL, 697, 20, 15, 1, '2017-04-27 13:46:52', '2017-04-27 13:46:52'),
(239, 'Cư Jút', 'cu-jut', NULL, 219, 21, 1, 1, '2017-04-27 13:46:52', '2017-04-27 13:46:52'),
(240, 'Dăk GLong', 'dak-glong', NULL, 220, 21, 2, 1, '2017-04-27 13:46:52', '2017-04-27 13:46:52'),
(241, 'Dăk Mil', 'dak-mil', NULL, 221, 21, 3, 1, '2017-04-27 13:46:52', '2017-04-27 13:46:52'),
(242, 'Dăk R\'Lấp', 'dak-rlap', NULL, 222, 21, 4, 1, '2017-04-27 13:46:52', '2017-04-27 13:46:52'),
(243, 'Dăk Song', 'dak-song', NULL, 223, 21, 5, 1, '2017-04-27 13:46:52', '2017-04-27 13:46:52'),
(244, 'Krông Nô', 'krong-no', NULL, 224, 21, 6, 1, '2017-04-27 13:46:52', '2017-04-27 13:46:52'),
(245, 'Tuy Đức', 'tuy-duc', NULL, 225, 21, 7, 1, '2017-04-27 13:46:52', '2017-04-27 13:46:52'),
(246, 'Gia Nghĩa', 'gia-nghia', NULL, 226, 21, 8, 1, '2017-04-27 13:46:52', '2017-04-27 13:46:52'),
(247, 'Điện Biên', 'dien-bien', NULL, 227, 22, 1, 1, '2017-04-27 13:46:52', '2017-04-27 13:46:52'),
(248, 'Điện Biên Đông', 'dien-bien-dong', NULL, 228, 22, 2, 1, '2017-04-27 13:46:52', '2017-04-27 13:46:52'),
(249, 'Mường Ảng', 'muong-ang', NULL, 229, 22, 3, 1, '2017-04-27 13:46:52', '2017-04-27 13:46:52'),
(250, 'Mường Chà', 'muong-cha', NULL, 230, 22, 4, 1, '2017-04-27 13:46:52', '2017-04-27 13:46:52'),
(251, 'Mường Nhé', 'muong-nhe', NULL, 231, 22, 5, 1, '2017-04-27 13:46:52', '2017-04-27 13:46:52'),
(252, 'Tủa Chùa', 'tua-chua', NULL, 232, 22, 6, 1, '2017-04-27 13:46:52', '2017-04-27 13:46:52'),
(253, 'Tuần Giáo', 'tuan-giao', NULL, 233, 22, 7, 1, '2017-04-27 13:46:52', '2017-04-27 13:46:52'),
(254, 'Điện Biên Phủ', 'dien-bien-phu', NULL, 234, 22, 8, 1, '2017-04-27 13:46:52', '2017-04-27 13:46:52'),
(255, 'Mường Lay', 'muong-lay', NULL, 235, 22, 9, 1, '2017-04-27 13:46:52', '2017-04-27 13:46:52'),
(256, 'Nậm Pồ', 'nam-po', NULL, 711, 22, 10, 1, '2017-04-27 13:46:52', '2017-04-27 13:46:52'),
(257, 'Cẩm Mỹ', 'cam-my', NULL, 236, 23, 1, 1, '2017-04-27 13:46:53', '2017-04-27 13:46:53'),
(258, 'Định Quán', 'dinh-quan', NULL, 237, 23, 2, 1, '2017-04-27 13:46:53', '2017-04-27 13:46:53'),
(259, 'Long Thành', 'long-thanh', NULL, 238, 23, 3, 1, '2017-04-27 13:46:53', '2017-04-27 13:46:53'),
(260, 'Nhơn Trạch', 'nhon-trach', NULL, 239, 23, 4, 1, '2017-04-27 13:46:53', '2017-04-27 13:46:53'),
(261, 'Tân Phú', 'tan-phu', NULL, 240, 23, 5, 1, '2017-04-27 13:46:53', '2017-04-27 13:46:53'),
(262, 'Thống Nhất', 'thong-nhat', NULL, 241, 23, 6, 1, '2017-04-27 13:46:53', '2017-04-27 13:46:53'),
(263, 'Trảng Bom', 'trang-bom', NULL, 242, 23, 7, 1, '2017-04-27 13:46:53', '2017-04-27 13:46:53'),
(264, 'Vĩnh Cửu', 'vinh-cuu', NULL, 243, 23, 8, 1, '2017-04-27 13:46:53', '2017-04-27 13:46:53'),
(265, 'Xuân Lộc', 'xuan-loc', NULL, 244, 23, 9, 1, '2017-04-27 13:46:53', '2017-04-27 13:46:53'),
(266, 'Biên Hòa', 'bien-hoa', NULL, 245, 23, 10, 1, '2017-04-27 13:46:53', '2017-04-27 13:46:53'),
(267, 'Long Khánh', 'long-khanh', NULL, 246, 23, 11, 1, '2017-04-27 13:46:53', '2017-04-27 13:46:53'),
(268, 'Huyện Cao Lãnh', 'huyen-cao-lanh', NULL, 247, 24, 1, 1, '2017-04-27 13:46:53', '2017-04-27 13:46:53'),
(269, 'Châu Thành', 'chau-thanh', NULL, 248, 24, 2, 1, '2017-04-27 13:46:53', '2017-04-27 13:46:53'),
(270, 'Thị xã Hồng Ngự', 'thi-xa-hong-ngu', NULL, 249, 24, 3, 1, '2017-04-27 13:46:53', '2017-04-27 13:46:53'),
(271, 'Lai Vung', 'lai-vung', NULL, 250, 24, 4, 1, '2017-04-27 13:46:53', '2017-04-27 13:46:53'),
(272, 'Lấp Vò', 'lap-vo', NULL, 251, 24, 5, 1, '2017-04-27 13:46:53', '2017-04-27 13:46:53'),
(273, 'Tam Nông', 'tam-nong', NULL, 252, 24, 6, 1, '2017-04-27 13:46:53', '2017-04-27 13:46:53'),
(274, 'Tân Hồng', 'tan-hong', NULL, 253, 24, 7, 1, '2017-04-27 13:46:53', '2017-04-27 13:46:53'),
(275, 'Thanh Bình', 'thanh-binh', NULL, 254, 24, 8, 1, '2017-04-27 13:46:53', '2017-04-27 13:46:53'),
(276, 'Tháp Mười', 'thap-muoi', NULL, 255, 24, 9, 1, '2017-04-27 13:46:53', '2017-04-27 13:46:53'),
(277, 'Sa Đéc', 'sa-dec', NULL, 257, 24, 10, 1, '2017-04-27 13:46:53', '2017-04-27 13:46:53'),
(278, 'Tp. Cao Lãnh', 'tp-cao-lanh', NULL, 721, 24, 11, 1, '2017-04-27 13:46:53', '2017-04-27 13:46:53'),
(279, 'Huyện Hồng Ngự', 'huyen-hong-ngu', NULL, 722, 24, 12, 1, '2017-04-27 13:46:53', '2017-04-27 13:46:53'),
(280, 'AYun Pa', 'ayun-pa', NULL, 258, 25, 1, 1, '2017-04-27 13:46:53', '2017-04-27 13:46:53'),
(281, 'Chư Păh', 'chu-pah', NULL, 259, 25, 2, 1, '2017-04-27 13:46:53', '2017-04-27 13:46:53'),
(282, 'Chư Sê', 'chu-se', NULL, 260, 25, 3, 1, '2017-04-27 13:46:53', '2017-04-27 13:46:53'),
(283, 'ChưPRông', 'chuprong', NULL, 261, 25, 4, 1, '2017-04-27 13:46:53', '2017-04-27 13:46:53'),
(284, 'Đăk Đoa', 'dak-doa', NULL, 262, 25, 5, 1, '2017-04-27 13:46:53', '2017-04-27 13:46:53'),
(285, 'Đăk Pơ', 'dak-po', NULL, 263, 25, 6, 1, '2017-04-27 13:46:53', '2017-04-27 13:46:53'),
(286, 'Đức Cơ', 'duc-co', NULL, 264, 25, 7, 1, '2017-04-27 13:46:53', '2017-04-27 13:46:53'),
(287, 'Ia Grai', 'ia-grai', NULL, 265, 25, 8, 1, '2017-04-27 13:46:53', '2017-04-27 13:46:53'),
(288, 'Ia Pa', 'ia-pa', NULL, 266, 25, 9, 1, '2017-04-27 13:46:53', '2017-04-27 13:46:53'),
(289, 'KBang', 'kbang', NULL, 267, 25, 10, 1, '2017-04-27 13:46:53', '2017-04-27 13:46:53'),
(290, 'Kông Chro', 'kong-chro', NULL, 268, 25, 11, 1, '2017-04-27 13:46:53', '2017-04-27 13:46:53'),
(291, 'Krông Pa', 'krong-pa', NULL, 269, 25, 12, 1, '2017-04-27 13:46:53', '2017-04-27 13:46:53'),
(292, 'Mang Yang', 'mang-yang', NULL, 270, 25, 13, 1, '2017-04-27 13:46:53', '2017-04-27 13:46:53'),
(293, 'Phú Thiện', 'phu-thien', NULL, 271, 25, 14, 1, '2017-04-27 13:46:53', '2017-04-27 13:46:53'),
(294, 'Plei Ku', 'plei-ku', NULL, 272, 25, 15, 1, '2017-04-27 13:46:53', '2017-04-27 13:46:53'),
(295, 'An Khê', 'an-khe', NULL, 273, 25, 16, 1, '2017-04-27 13:46:53', '2017-04-27 13:46:53'),
(296, 'Chư Pưh', 'chu-puh', NULL, 710, 25, 17, 1, '2017-04-27 13:46:53', '2017-04-27 13:46:53'),
(297, 'Bắc Mê', 'bac-me', NULL, 274, 26, 1, 1, '2017-04-27 13:46:53', '2017-04-27 13:46:53'),
(298, 'Bắc Quang', 'bac-quang', NULL, 275, 26, 2, 1, '2017-04-27 13:46:53', '2017-04-27 13:46:53'),
(299, 'Đồng Văn', 'dong-van', NULL, 276, 26, 3, 1, '2017-04-27 13:46:53', '2017-04-27 13:46:53'),
(300, 'Hoàng Su Phì', 'hoang-su-phi', NULL, 277, 26, 4, 1, '2017-04-27 13:46:53', '2017-04-27 13:46:53'),
(301, 'Mèo Vạc', 'meo-vac', NULL, 278, 26, 5, 1, '2017-04-27 13:46:53', '2017-04-27 13:46:53'),
(302, 'Quản Bạ', 'quan-ba', NULL, 279, 26, 6, 1, '2017-04-27 13:46:53', '2017-04-27 13:46:53'),
(303, 'Quang Bình', 'quang-binh', NULL, 280, 26, 7, 1, '2017-04-27 13:46:53', '2017-04-27 13:46:53'),
(304, 'Vị Xuyên', 'vi-xuyen', NULL, 281, 26, 8, 1, '2017-04-27 13:46:53', '2017-04-27 13:46:53'),
(305, 'Xín Mần', 'xin-man', NULL, 282, 26, 9, 1, '2017-04-27 13:46:53', '2017-04-27 13:46:53'),
(306, 'Yên Minh', 'yen-minh', NULL, 283, 26, 10, 1, '2017-04-27 13:46:53', '2017-04-27 13:46:53'),
(307, 'Hà Giang', 'ha-giang', NULL, 284, 26, 11, 1, '2017-04-27 13:46:53', '2017-04-27 13:46:53'),
(308, 'Bình Lục', 'binh-luc', NULL, 285, 27, 1, 1, '2017-04-27 13:46:53', '2017-04-27 13:46:53'),
(309, 'Duy Tiên', 'duy-tien', NULL, 286, 27, 2, 1, '2017-04-27 13:46:53', '2017-04-27 13:46:53'),
(310, 'Kim Bảng', 'kim-bang', NULL, 287, 27, 3, 1, '2017-04-27 13:46:53', '2017-04-27 13:46:53'),
(311, 'Lý Nhân', 'ly-nhan', NULL, 288, 27, 4, 1, '2017-04-27 13:46:53', '2017-04-27 13:46:53'),
(312, 'Thanh Liêm', 'thanh-liem', NULL, 289, 27, 5, 1, '2017-04-27 13:46:53', '2017-04-27 13:46:53'),
(313, 'Phủ Lý', 'phu-ly', NULL, 290, 27, 6, 1, '2017-04-27 13:46:53', '2017-04-27 13:46:53'),
(314, 'Cẩm Xuyên', 'cam-xuyen', NULL, 291, 28, 1, 1, '2017-04-27 13:46:54', '2017-04-27 13:46:54'),
(315, 'Can Lộc', 'can-loc', NULL, 292, 28, 2, 1, '2017-04-27 13:46:54', '2017-04-27 13:46:54'),
(316, 'Đức Thọ', 'duc-tho', NULL, 293, 28, 3, 1, '2017-04-27 13:46:54', '2017-04-27 13:46:54'),
(317, 'Hương Khê', 'huong-khe', NULL, 294, 28, 4, 1, '2017-04-27 13:46:54', '2017-04-27 13:46:54'),
(318, 'Hương Sơn', 'huong-son', NULL, 295, 28, 5, 1, '2017-04-27 13:46:54', '2017-04-27 13:46:54'),
(319, 'Kỳ Anh', 'ky-anh', NULL, 296, 28, 6, 1, '2017-04-27 13:46:54', '2017-04-27 13:46:54'),
(320, 'Lộc Hà', 'loc-ha', NULL, 297, 28, 7, 1, '2017-04-27 13:46:54', '2017-04-27 13:46:54'),
(321, 'Nghi Xuân', 'nghi-xuan', NULL, 298, 28, 8, 1, '2017-04-27 13:46:54', '2017-04-27 13:46:54'),
(322, 'Thạch Hà', 'thach-ha', NULL, 299, 28, 9, 1, '2017-04-27 13:46:54', '2017-04-27 13:46:54'),
(323, 'Vũ Quang', 'vu-quang', NULL, 300, 28, 10, 1, '2017-04-27 13:46:54', '2017-04-27 13:46:54'),
(324, 'Hà Tĩnh', 'ha-tinh', NULL, 301, 28, 11, 1, '2017-04-27 13:46:54', '2017-04-27 13:46:54'),
(325, 'Hồng Lĩnh', 'hong-linh', NULL, 302, 28, 12, 1, '2017-04-27 13:46:54', '2017-04-27 13:46:54'),
(326, 'Bình Giang', 'binh-giang', NULL, 303, 29, 1, 1, '2017-04-27 13:46:54', '2017-04-27 13:46:54'),
(327, 'Cẩm Giàng', 'cam-giang', NULL, 304, 29, 2, 1, '2017-04-27 13:46:54', '2017-04-27 13:46:54'),
(328, 'Chí Linh', 'chi-linh', NULL, 305, 29, 3, 1, '2017-04-27 13:46:54', '2017-04-27 13:46:54'),
(329, 'Gia Lộc', 'gia-loc', NULL, 306, 29, 4, 1, '2017-04-27 13:46:54', '2017-04-27 13:46:54'),
(330, 'Kim Thành', 'kim-thanh', NULL, 307, 29, 5, 1, '2017-04-27 13:46:54', '2017-04-27 13:46:54'),
(331, 'Kinh Môn', 'kinh-mon', NULL, 308, 29, 6, 1, '2017-04-27 13:46:54', '2017-04-27 13:46:54'),
(332, 'Nam Sách', 'nam-sach', NULL, 309, 29, 7, 1, '2017-04-27 13:46:54', '2017-04-27 13:46:54'),
(333, 'Ninh Giang', 'ninh-giang', NULL, 310, 29, 8, 1, '2017-04-27 13:46:54', '2017-04-27 13:46:54'),
(334, 'Thanh Hà', 'thanh-ha', NULL, 311, 29, 9, 1, '2017-04-27 13:46:54', '2017-04-27 13:46:54'),
(335, 'Thanh Miện', 'thanh-mien', NULL, 312, 29, 10, 1, '2017-04-27 13:46:54', '2017-04-27 13:46:54'),
(336, 'Tứ Kỳ', 'tu-ky', NULL, 313, 29, 11, 1, '2017-04-27 13:46:54', '2017-04-27 13:46:54'),
(337, 'Hải Dương', 'hai-duong', NULL, 314, 29, 12, 1, '2017-04-27 13:46:54', '2017-04-27 13:46:54'),
(338, 'Châu Thành', 'chau-thanh', NULL, 315, 30, 1, 1, '2017-04-27 13:46:54', '2017-04-27 13:46:54'),
(339, 'Châu Thành A', 'chau-thanh-a', NULL, 316, 30, 2, 1, '2017-04-27 13:46:54', '2017-04-27 13:46:54'),
(340, 'Long Mỹ', 'long-my', NULL, 317, 30, 3, 1, '2017-04-27 13:46:54', '2017-04-27 13:46:54'),
(341, 'Phụng Hiệp', 'phung-hiep', NULL, 318, 30, 4, 1, '2017-04-27 13:46:54', '2017-04-27 13:46:54'),
(342, 'Vị Thủy', 'vi-thuy', NULL, 319, 30, 5, 1, '2017-04-27 13:46:54', '2017-04-27 13:46:54'),
(343, 'Ngã Bảy', 'nga-bay', NULL, 320, 30, 6, 1, '2017-04-27 13:46:54', '2017-04-27 13:46:54'),
(344, 'Vị Thanh', 'vi-thanh', NULL, 321, 30, 7, 1, '2017-04-27 13:46:54', '2017-04-27 13:46:54'),
(345, 'Cao Phong', 'cao-phong', NULL, 322, 31, 1, 1, '2017-04-27 13:46:54', '2017-04-27 13:46:54'),
(346, 'Đà Bắc', 'da-bac', NULL, 323, 31, 2, 1, '2017-04-27 13:46:54', '2017-04-27 13:46:54'),
(347, 'Kim Bôi', 'kim-boi', NULL, 324, 31, 3, 1, '2017-04-27 13:46:54', '2017-04-27 13:46:54'),
(348, 'Kỳ Sơn', 'ky-son', NULL, 325, 31, 4, 1, '2017-04-27 13:46:54', '2017-04-27 13:46:54'),
(349, 'Lạc Sơn', 'lac-son', NULL, 326, 31, 5, 1, '2017-04-27 13:46:54', '2017-04-27 13:46:54'),
(350, 'Lạc Thủy', 'lac-thuy', NULL, 327, 31, 6, 1, '2017-04-27 13:46:54', '2017-04-27 13:46:54'),
(351, 'Lương Sơn', 'luong-son', NULL, 328, 31, 7, 1, '2017-04-27 13:46:54', '2017-04-27 13:46:54'),
(352, 'Mai Châu', 'mai-chau', NULL, 329, 31, 8, 1, '2017-04-27 13:46:54', '2017-04-27 13:46:54'),
(353, 'Tân Lạc', 'tan-lac', NULL, 330, 31, 9, 1, '2017-04-27 13:46:54', '2017-04-27 13:46:54'),
(354, 'Yên Thủy', 'yen-thuy', NULL, 331, 31, 10, 1, '2017-04-27 13:46:54', '2017-04-27 13:46:54'),
(355, 'Hòa Bình', 'hoa-binh', NULL, 332, 31, 11, 1, '2017-04-27 13:46:54', '2017-04-27 13:46:54'),
(356, 'Ân Thi', 'an-thi', NULL, 333, 32, 1, 1, '2017-04-27 13:46:54', '2017-04-27 13:46:54'),
(357, 'Khoái Châu', 'khoai-chau', NULL, 334, 32, 2, 1, '2017-04-27 13:46:54', '2017-04-27 13:46:54'),
(358, 'Kim Động', 'kim-dong', NULL, 335, 32, 3, 1, '2017-04-27 13:46:54', '2017-04-27 13:46:54'),
(359, 'Mỹ Hào', 'my-hao', NULL, 336, 32, 4, 1, '2017-04-27 13:46:54', '2017-04-27 13:46:54'),
(360, 'Phù Cừ', 'phu-cu', NULL, 337, 32, 5, 1, '2017-04-27 13:46:54', '2017-04-27 13:46:54'),
(361, 'Tiên Lữ', 'tien-lu', NULL, 338, 32, 6, 1, '2017-04-27 13:46:54', '2017-04-27 13:46:54'),
(362, 'Văn Giang', 'van-giang', NULL, 339, 32, 7, 1, '2017-04-27 13:46:54', '2017-04-27 13:46:54'),
(363, 'Văn Lâm', 'van-lam', NULL, 340, 32, 8, 1, '2017-04-27 13:46:54', '2017-04-27 13:46:54'),
(364, 'Yên Mỹ', 'yen-my', NULL, 341, 32, 9, 1, '2017-04-27 13:46:54', '2017-04-27 13:46:54'),
(365, 'Hưng Yên', 'hung-yen', NULL, 342, 32, 10, 1, '2017-04-27 13:46:54', '2017-04-27 13:46:54'),
(366, 'Cam Lâm', 'cam-lam', NULL, 343, 33, 1, 1, '2017-04-27 13:46:54', '2017-04-27 13:46:54'),
(367, 'Diên Khánh', 'dien-khanh', NULL, 344, 33, 2, 1, '2017-04-27 13:46:54', '2017-04-27 13:46:54'),
(368, 'Khánh Sơn', 'khanh-son', NULL, 345, 33, 3, 1, '2017-04-27 13:46:54', '2017-04-27 13:46:54'),
(369, 'Khánh Vĩnh', 'khanh-vinh', NULL, 346, 33, 4, 1, '2017-04-27 13:46:54', '2017-04-27 13:46:54'),
(370, 'Ninh Hòa', 'ninh-hoa', NULL, 347, 33, 5, 1, '2017-04-27 13:46:54', '2017-04-27 13:46:54'),
(371, 'Trường Sa', 'truong-sa', NULL, 348, 33, 6, 1, '2017-04-27 13:46:54', '2017-04-27 13:46:54'),
(372, 'Vạn Ninh', 'van-ninh', NULL, 349, 33, 7, 1, '2017-04-27 13:46:54', '2017-04-27 13:46:54'),
(373, 'Nha Trang', 'nha-trang', NULL, 350, 33, 8, 1, '2017-04-27 13:46:54', '2017-04-27 13:46:54'),
(374, 'Cam Ranh', 'cam-ranh', NULL, 351, 33, 9, 1, '2017-04-27 13:46:54', '2017-04-27 13:46:54'),
(375, 'An Biên', 'an-bien', NULL, 352, 34, 1, 1, '2017-04-27 13:46:55', '2017-04-27 13:46:55'),
(376, 'An Minh', 'an-minh', NULL, 353, 34, 2, 1, '2017-04-27 13:46:55', '2017-04-27 13:46:55'),
(377, 'Châu Thành', 'chau-thanh', NULL, 354, 34, 3, 1, '2017-04-27 13:46:55', '2017-04-27 13:46:55'),
(378, 'Giồng Riềng', 'giong-rieng', NULL, 355, 34, 4, 1, '2017-04-27 13:46:55', '2017-04-27 13:46:55'),
(379, 'Gò Quao', 'go-quao', NULL, 356, 34, 5, 1, '2017-04-27 13:46:55', '2017-04-27 13:46:55'),
(380, 'Hòn Đất', 'hon-dat', NULL, 357, 34, 6, 1, '2017-04-27 13:46:55', '2017-04-27 13:46:55'),
(381, 'Kiên Hải', 'kien-hai', NULL, 358, 34, 7, 1, '2017-04-27 13:46:55', '2017-04-27 13:46:55'),
(382, 'Kiên Lương', 'kien-luong', NULL, 359, 34, 8, 1, '2017-04-27 13:46:55', '2017-04-27 13:46:55'),
(383, 'Phú Quốc', 'phu-quoc', NULL, 360, 34, 9, 1, '2017-04-27 13:46:55', '2017-04-27 13:46:55'),
(384, 'Tân Hiệp', 'tan-hiep', NULL, 361, 34, 10, 1, '2017-04-27 13:46:55', '2017-04-27 13:46:55'),
(385, 'U minh Thượng', 'u-minh-thuong', NULL, 362, 34, 11, 1, '2017-04-27 13:46:55', '2017-04-27 13:46:55'),
(386, 'Vĩnh Thuận', 'vinh-thuan', NULL, 363, 34, 12, 1, '2017-04-27 13:46:55', '2017-04-27 13:46:55'),
(387, 'Rạch Giá', 'rach-gia', NULL, 364, 34, 13, 1, '2017-04-27 13:46:55', '2017-04-27 13:46:55'),
(388, 'Hà Tiên', 'ha-tien', NULL, 365, 34, 14, 1, '2017-04-27 13:46:55', '2017-04-27 13:46:55'),
(389, 'Giang Thành', 'giang-thanh', NULL, 723, 34, 15, 1, '2017-04-27 13:46:55', '2017-04-27 13:46:55'),
(390, 'Đăk Glei', 'dak-glei', NULL, 366, 35, 1, 1, '2017-04-27 13:46:55', '2017-04-27 13:46:55'),
(391, 'Đăk Hà', 'dak-ha', NULL, 367, 35, 2, 1, '2017-04-27 13:46:55', '2017-04-27 13:46:55'),
(392, 'Đăk Tô', 'dak-to', NULL, 368, 35, 3, 1, '2017-04-27 13:46:55', '2017-04-27 13:46:55'),
(393, 'Kon Plông', 'kon-plong', NULL, 369, 35, 4, 1, '2017-04-27 13:46:55', '2017-04-27 13:46:55'),
(394, 'Kon Rẫy', 'kon-ray', NULL, 370, 35, 5, 1, '2017-04-27 13:46:55', '2017-04-27 13:46:55'),
(395, 'Ngọc Hồi', 'ngoc-hoi', NULL, 371, 35, 6, 1, '2017-04-27 13:46:55', '2017-04-27 13:46:55'),
(396, 'Sa Thầy', 'sa-thay', NULL, 372, 35, 7, 1, '2017-04-27 13:46:55', '2017-04-27 13:46:55'),
(397, 'Tu Mơ Rông', 'tu-mo-rong', NULL, 373, 35, 8, 1, '2017-04-27 13:46:55', '2017-04-27 13:46:55'),
(398, 'KonTum', 'kontum', NULL, 374, 35, 9, 1, '2017-04-27 13:46:55', '2017-04-27 13:46:55'),
(399, 'Mường Tè', 'muong-te', NULL, 375, 36, 1, 1, '2017-04-27 13:46:55', '2017-04-27 13:46:55'),
(400, 'Phong Thổ', 'phong-tho', NULL, 376, 36, 2, 1, '2017-04-27 13:46:55', '2017-04-27 13:46:55'),
(401, 'Sìn Hồ', 'sin-ho', NULL, 377, 36, 3, 1, '2017-04-27 13:46:55', '2017-04-27 13:46:55'),
(402, 'Tam Đường', 'tam-duong', NULL, 378, 36, 4, 1, '2017-04-27 13:46:55', '2017-04-27 13:46:55'),
(403, 'Than Uyên', 'than-uyen', NULL, 379, 36, 5, 1, '2017-04-27 13:46:55', '2017-04-27 13:46:55'),
(404, 'Lai Châu', 'lai-chau', NULL, 380, 36, 6, 1, '2017-04-27 13:46:55', '2017-04-27 13:46:55'),
(405, 'Tân Uyên', 'tan-uyen', NULL, 691, 36, 7, 1, '2017-04-27 13:46:55', '2017-04-27 13:46:55'),
(406, 'Nậm Nhùn', 'nam-nhun', NULL, 709, 36, 8, 1, '2017-04-27 13:46:55', '2017-04-27 13:46:55'),
(407, 'Bảo Lâm', 'bao-lam', NULL, 381, 37, 1, 1, '2017-04-27 13:46:55', '2017-04-27 13:46:55'),
(408, 'Cát Tiên', 'cat-tien', NULL, 382, 37, 2, 1, '2017-04-27 13:46:55', '2017-04-27 13:46:55'),
(409, 'Đạ Huoai', 'da-huoai', NULL, 383, 37, 3, 1, '2017-04-27 13:46:55', '2017-04-27 13:46:55'),
(410, 'Đạ Tẻh', 'da-teh', NULL, 384, 37, 4, 1, '2017-04-27 13:46:55', '2017-04-27 13:46:55'),
(411, 'Đam Rông', 'dam-rong', NULL, 385, 37, 5, 1, '2017-04-27 13:46:55', '2017-04-27 13:46:55'),
(412, 'Di Linh', 'di-linh', NULL, 386, 37, 6, 1, '2017-04-27 13:46:55', '2017-04-27 13:46:55'),
(413, 'Đơn Dương', 'don-duong', NULL, 387, 37, 7, 1, '2017-04-27 13:46:55', '2017-04-27 13:46:55'),
(414, 'Đức Trọng', 'duc-trong', NULL, 388, 37, 8, 1, '2017-04-27 13:46:55', '2017-04-27 13:46:55'),
(415, 'Lạc Dương', 'lac-duong', NULL, 389, 37, 9, 1, '2017-04-27 13:46:55', '2017-04-27 13:46:55'),
(416, 'Lâm Hà', 'lam-ha', NULL, 390, 37, 10, 1, '2017-04-27 13:46:55', '2017-04-27 13:46:55'),
(417, 'Đà Lạt', 'da-lat', NULL, 391, 37, 11, 1, '2017-04-27 13:46:55', '2017-04-27 13:46:55'),
(418, 'Bảo Lộc', 'bao-loc', NULL, 392, 37, 12, 1, '2017-04-27 13:46:55', '2017-04-27 13:46:55'),
(419, 'Bắc Sơn', 'bac-son', NULL, 393, 38, 1, 1, '2017-04-27 13:46:55', '2017-04-27 13:46:55'),
(420, 'Bình Gia', 'binh-gia', NULL, 394, 38, 2, 1, '2017-04-27 13:46:55', '2017-04-27 13:46:55'),
(421, 'Cao Lộc', 'cao-loc', NULL, 395, 38, 3, 1, '2017-04-27 13:46:55', '2017-04-27 13:46:55'),
(422, 'Chi Lăng', 'chi-lang', NULL, 396, 38, 4, 1, '2017-04-27 13:46:55', '2017-04-27 13:46:55'),
(423, 'Đình Lập', 'dinh-lap', NULL, 397, 38, 5, 1, '2017-04-27 13:46:55', '2017-04-27 13:46:55'),
(424, 'Hữu Lũng', 'huu-lung', NULL, 398, 38, 6, 1, '2017-04-27 13:46:55', '2017-04-27 13:46:55'),
(425, 'Lộc Bình', 'loc-binh', NULL, 399, 38, 7, 1, '2017-04-27 13:46:55', '2017-04-27 13:46:55'),
(426, 'Tràng Định', 'trang-dinh', NULL, 400, 38, 8, 1, '2017-04-27 13:46:55', '2017-04-27 13:46:55'),
(427, 'Văn Lãng', 'van-lang', NULL, 401, 38, 9, 1, '2017-04-27 13:46:55', '2017-04-27 13:46:55'),
(428, 'Văn Quan', 'van-quan', NULL, 402, 38, 10, 1, '2017-04-27 13:46:55', '2017-04-27 13:46:55'),
(429, 'Lạng Sơn', 'lang-son', NULL, 403, 38, 11, 1, '2017-04-27 13:46:55', '2017-04-27 13:46:55'),
(430, 'Bắc Hà', 'bac-ha', NULL, 404, 39, 1, 1, '2017-04-27 13:46:56', '2017-04-27 13:46:56'),
(431, 'Bảo Thắng', 'bao-thang', NULL, 405, 39, 2, 1, '2017-04-27 13:46:56', '2017-04-27 13:46:56'),
(432, 'Bảo Yên', 'bao-yen', NULL, 406, 39, 3, 1, '2017-04-27 13:46:56', '2017-04-27 13:46:56'),
(433, 'Bát Xát', 'bat-xat', NULL, 407, 39, 4, 1, '2017-04-27 13:46:56', '2017-04-27 13:46:56'),
(434, 'Mường Khương', 'muong-khuong', NULL, 408, 39, 5, 1, '2017-04-27 13:46:56', '2017-04-27 13:46:56'),
(435, 'Sa Pa', 'sa-pa', NULL, 409, 39, 6, 1, '2017-04-27 13:46:56', '2017-04-27 13:46:56'),
(436, 'Văn Bàn', 'van-ban', NULL, 410, 39, 7, 1, '2017-04-27 13:46:56', '2017-04-27 13:46:56'),
(437, 'Xi Ma Cai', 'xi-ma-cai', NULL, 411, 39, 8, 1, '2017-04-27 13:46:56', '2017-04-27 13:46:56'),
(438, 'Lào Cai', 'lao-cai', NULL, 414, 39, 9, 1, '2017-04-27 13:46:56', '2017-04-27 13:46:56'),
(439, 'Giao Thủy', 'giao-thuy', NULL, 430, 40, 1, 1, '2017-04-27 13:46:56', '2017-04-27 13:46:56'),
(440, 'Hải Hậu', 'hai-hau', NULL, 431, 40, 2, 1, '2017-04-27 13:46:56', '2017-04-27 13:46:56'),
(441, 'Mỹ Lộc', 'my-loc', NULL, 432, 40, 3, 1, '2017-04-27 13:46:56', '2017-04-27 13:46:56'),
(442, 'Nam Trực', 'nam-truc', NULL, 433, 40, 4, 1, '2017-04-27 13:46:56', '2017-04-27 13:46:56'),
(443, 'Nghĩa Hưng', 'nghia-hung', NULL, 434, 40, 5, 1, '2017-04-27 13:46:56', '2017-04-27 13:46:56'),
(444, 'Trực Ninh', 'truc-ninh', NULL, 435, 40, 6, 1, '2017-04-27 13:46:56', '2017-04-27 13:46:56'),
(445, 'Vụ Bản', 'vu-ban', NULL, 436, 40, 7, 1, '2017-04-27 13:46:56', '2017-04-27 13:46:56'),
(446, 'Xuân Trường', 'xuan-truong', NULL, 437, 40, 8, 1, '2017-04-27 13:46:56', '2017-04-27 13:46:56'),
(447, 'Ý Yên', 'y-yen', NULL, 438, 40, 9, 1, '2017-04-27 13:46:56', '2017-04-27 13:46:56'),
(448, 'Nam Định', 'nam-dinh', NULL, 439, 40, 10, 1, '2017-04-27 13:46:56', '2017-04-27 13:46:56'),
(449, 'Anh Sơn', 'anh-son', NULL, 440, 41, 1, 1, '2017-04-27 13:46:56', '2017-04-27 13:46:56'),
(450, 'Con Cuông', 'con-cuong', NULL, 441, 41, 2, 1, '2017-04-27 13:46:56', '2017-04-27 13:46:56'),
(451, 'Diễn Châu', 'dien-chau', NULL, 442, 41, 3, 1, '2017-04-27 13:46:56', '2017-04-27 13:46:56'),
(452, 'Đô Lương', 'do-luong', NULL, 443, 41, 4, 1, '2017-04-27 13:46:56', '2017-04-27 13:46:56'),
(453, 'Hưng Nguyên', 'hung-nguyen', NULL, 444, 41, 5, 1, '2017-04-27 13:46:56', '2017-04-27 13:46:56'),
(454, 'Kỳ Sơn', 'ky-son', NULL, 445, 41, 6, 1, '2017-04-27 13:46:56', '2017-04-27 13:46:56'),
(455, 'Nam Đàn', 'nam-dan', NULL, 446, 41, 7, 1, '2017-04-27 13:46:56', '2017-04-27 13:46:56'),
(456, 'Nghi Lộc', 'nghi-loc', NULL, 447, 41, 8, 1, '2017-04-27 13:46:56', '2017-04-27 13:46:56'),
(457, 'Nghĩa Đàn', 'nghia-dan', NULL, 448, 41, 9, 1, '2017-04-27 13:46:56', '2017-04-27 13:46:56'),
(458, 'Quế Phong', 'que-phong', NULL, 449, 41, 10, 1, '2017-04-27 13:46:56', '2017-04-27 13:46:56'),
(459, 'Quỳ Châu', 'quy-chau', NULL, 450, 41, 11, 1, '2017-04-27 13:46:56', '2017-04-27 13:46:56'),
(460, 'Quỳ Hợp', 'quy-hop', NULL, 451, 41, 12, 1, '2017-04-27 13:46:56', '2017-04-27 13:46:56'),
(461, 'Quỳnh Lưu', 'quynh-luu', NULL, 452, 41, 13, 1, '2017-04-27 13:46:56', '2017-04-27 13:46:56'),
(462, 'Tân Kỳ', 'tan-ky', NULL, 453, 41, 14, 1, '2017-04-27 13:46:56', '2017-04-27 13:46:56'),
(463, 'Thanh Chương', 'thanh-chuong', NULL, 454, 41, 15, 1, '2017-04-27 13:46:56', '2017-04-27 13:46:56'),
(464, 'Tương Dương', 'tuong-duong', NULL, 455, 41, 16, 1, '2017-04-27 13:46:56', '2017-04-27 13:46:56'),
(465, 'Yên Thành', 'yen-thanh', NULL, 456, 41, 17, 1, '2017-04-27 13:46:56', '2017-04-27 13:46:56'),
(466, 'Vinh', 'vinh', NULL, 457, 41, 18, 1, '2017-04-27 13:46:56', '2017-04-27 13:46:56'),
(467, 'Cửa Lò', 'cua-lo', NULL, 458, 41, 19, 1, '2017-04-27 13:46:56', '2017-04-27 13:46:56'),
(468, 'Thái Hòa', 'thai-hoa', NULL, 692, 41, 20, 1, '2017-04-27 13:46:56', '2017-04-27 13:46:56'),
(469, 'Hoàng Mai', 'hoang-mai', NULL, 725, 41, 21, 1, '2017-04-27 13:46:56', '2017-04-27 13:46:56'),
(470, 'Gia Viễn', 'gia-vien', NULL, 459, 42, 1, 1, '2017-04-27 13:46:56', '2017-04-27 13:46:56'),
(471, 'Hoa Lư', 'hoa-lu', NULL, 460, 42, 2, 1, '2017-04-27 13:46:56', '2017-04-27 13:46:56'),
(472, 'Kim Sơn', 'kim-son', NULL, 461, 42, 3, 1, '2017-04-27 13:46:56', '2017-04-27 13:46:56'),
(473, 'Nho Quan', 'nho-quan', NULL, 462, 42, 4, 1, '2017-04-27 13:46:56', '2017-04-27 13:46:56'),
(474, 'Yên Khánh', 'yen-khanh', NULL, 463, 42, 5, 1, '2017-04-27 13:46:56', '2017-04-27 13:46:56'),
(475, 'Yên Mô', 'yen-mo', NULL, 464, 42, 6, 1, '2017-04-27 13:46:56', '2017-04-27 13:46:56'),
(476, 'Ninh Bình', 'ninh-binh', NULL, 465, 42, 7, 1, '2017-04-27 13:46:56', '2017-04-27 13:46:56'),
(477, 'Tam Điệp', 'tam-diep', NULL, 466, 42, 8, 1, '2017-04-27 13:46:56', '2017-04-27 13:46:56'),
(478, 'Bác Ái', 'bac-ai', NULL, 467, 43, 1, 1, '2017-04-27 13:46:56', '2017-04-27 13:46:56'),
(479, 'Ninh Hải', 'ninh-hai', NULL, 468, 43, 2, 1, '2017-04-27 13:46:56', '2017-04-27 13:46:56'),
(480, 'Ninh Phước', 'ninh-phuoc', NULL, 469, 43, 3, 1, '2017-04-27 13:46:56', '2017-04-27 13:46:56'),
(481, 'Ninh Sơn', 'ninh-son', NULL, 470, 43, 4, 1, '2017-04-27 13:46:56', '2017-04-27 13:46:56'),
(482, 'Thuận Bắc', 'thuan-bac', NULL, 471, 43, 5, 1, '2017-04-27 13:46:56', '2017-04-27 13:46:56'),
(483, 'Phan Rang - Tháp Chàm', 'phan-rang-thap-cham', NULL, 472, 43, 6, 1, '2017-04-27 13:46:56', '2017-04-27 13:46:56'),
(484, 'Thuận Nam', 'thuan-nam', NULL, 693, 43, 7, 1, '2017-04-27 13:46:56', '2017-04-27 13:46:56'),
(485, 'Cẩm Khê', 'cam-khe', NULL, 473, 44, 1, 1, '2017-04-27 13:46:57', '2017-04-27 13:46:57'),
(486, 'Đoan Hùng', 'doan-hung', NULL, 474, 44, 2, 1, '2017-04-27 13:46:57', '2017-04-27 13:46:57'),
(487, 'Hạ Hòa', 'ha-hoa', NULL, 475, 44, 3, 1, '2017-04-27 13:46:57', '2017-04-27 13:46:57'),
(488, 'Lâm Thao', 'lam-thao', NULL, 476, 44, 4, 1, '2017-04-27 13:46:57', '2017-04-27 13:46:57'),
(489, 'Phù Ninh', 'phu-ninh', NULL, 477, 44, 5, 1, '2017-04-27 13:46:57', '2017-04-27 13:46:57'),
(490, 'Tam Nông', 'tam-nong', NULL, 478, 44, 6, 1, '2017-04-27 13:46:57', '2017-04-27 13:46:57'),
(491, 'Tân Sơn', 'tan-son', NULL, 479, 44, 7, 1, '2017-04-27 13:46:57', '2017-04-27 13:46:57'),
(492, 'Thanh Ba', 'thanh-ba', NULL, 480, 44, 8, 1, '2017-04-27 13:46:57', '2017-04-27 13:46:57'),
(493, 'Thanh Sơn', 'thanh-son', NULL, 481, 44, 9, 1, '2017-04-27 13:46:57', '2017-04-27 13:46:57'),
(494, 'Thanh Thủy', 'thanh-thuy', NULL, 482, 44, 10, 1, '2017-04-27 13:46:57', '2017-04-27 13:46:57'),
(495, 'Yên Lập', 'yen-lap', NULL, 483, 44, 11, 1, '2017-04-27 13:46:57', '2017-04-27 13:46:57'),
(496, 'Việt Trì', 'viet-tri', NULL, 485, 44, 12, 1, '2017-04-27 13:46:57', '2017-04-27 13:46:57'),
(497, 'Phú Thọ', 'phu-tho', NULL, 486, 44, 13, 1, '2017-04-27 13:46:57', '2017-04-27 13:46:57'),
(498, 'Đông Hòa', 'dong-hoa', NULL, 487, 45, 1, 1, '2017-04-27 13:46:57', '2017-04-27 13:46:57'),
(499, 'Đồng Xuân', 'dong-xuan', NULL, 488, 45, 2, 1, '2017-04-27 13:46:57', '2017-04-27 13:46:57'),
(500, 'Phú Hòa', 'phu-hoa', NULL, 489, 45, 3, 1, '2017-04-27 13:46:57', '2017-04-27 13:46:57'),
(501, 'Sơn Hòa', 'son-hoa', NULL, 490, 45, 4, 1, '2017-04-27 13:46:57', '2017-04-27 13:46:57'),
(502, 'Sông Cầu', 'song-cau', NULL, 491, 45, 5, 1, '2017-04-27 13:46:57', '2017-04-27 13:46:57'),
(503, 'Sông Hinh', 'song-hinh', NULL, 492, 45, 6, 1, '2017-04-27 13:46:57', '2017-04-27 13:46:57'),
(504, 'Tây Hòa', 'tay-hoa', NULL, 493, 45, 7, 1, '2017-04-27 13:46:57', '2017-04-27 13:46:57'),
(505, 'Tuy An', 'tuy-an', NULL, 494, 45, 8, 1, '2017-04-27 13:46:57', '2017-04-27 13:46:57'),
(506, 'Tuy Hòa', 'tuy-hoa', NULL, 495, 45, 9, 1, '2017-04-27 13:46:57', '2017-04-27 13:46:57'),
(507, 'Bố Trạch', 'bo-trach', NULL, 496, 46, 1, 1, '2017-04-27 13:46:57', '2017-04-27 13:46:57'),
(508, 'Lệ Thủy', 'le-thuy', NULL, 497, 46, 2, 1, '2017-04-27 13:46:57', '2017-04-27 13:46:57'),
(509, 'Minh Hóa', 'minh-hoa', NULL, 498, 46, 3, 1, '2017-04-27 13:46:57', '2017-04-27 13:46:57'),
(510, 'Quảng Ninh', 'quang-ninh', NULL, 499, 46, 4, 1, '2017-04-27 13:46:57', '2017-04-27 13:46:57'),
(511, 'Quảng Trạch', 'quang-trach', NULL, 500, 46, 5, 1, '2017-04-27 13:46:57', '2017-04-27 13:46:57'),
(512, 'Tuyên Hóa', 'tuyen-hoa', NULL, 501, 46, 6, 1, '2017-04-27 13:46:57', '2017-04-27 13:46:57'),
(513, 'Đồng Hới', 'dong-hoi', NULL, 502, 46, 7, 1, '2017-04-27 13:46:57', '2017-04-27 13:46:57'),
(514, 'Ba Đồn', 'ba-don', NULL, 720, 46, 8, 1, '2017-04-27 13:46:57', '2017-04-27 13:46:57'),
(515, 'Bắc Trà My', 'bac-tra-my', NULL, 503, 47, 1, 1, '2017-04-27 13:46:57', '2017-04-27 13:46:57'),
(516, 'Đại Lộc', 'dai-loc', NULL, 504, 47, 2, 1, '2017-04-27 13:46:57', '2017-04-27 13:46:57'),
(517, 'Điện Bàn', 'dien-ban', NULL, 505, 47, 3, 1, '2017-04-27 13:46:57', '2017-04-27 13:46:57'),
(518, 'Đông Giang', 'dong-giang', NULL, 506, 47, 4, 1, '2017-04-27 13:46:57', '2017-04-27 13:46:57'),
(519, 'Duy Xuyên', 'duy-xuyen', NULL, 507, 47, 5, 1, '2017-04-27 13:46:57', '2017-04-27 13:46:57'),
(520, 'Hiệp Đức', 'hiep-duc', NULL, 508, 47, 6, 1, '2017-04-27 13:46:57', '2017-04-27 13:46:57');
INSERT INTO `district` (`id`, `name`, `slug`, `meta_id`, `id_dothi`, `city_id`, `display_order`, `status`, `created_at`, `updated_at`) VALUES
(521, 'Nam Giang', 'nam-giang', NULL, 509, 47, 7, 1, '2017-04-27 13:46:57', '2017-04-27 13:46:57'),
(522, 'Nam Trà My', 'nam-tra-my', NULL, 510, 47, 8, 1, '2017-04-27 13:46:57', '2017-04-27 13:46:57'),
(523, 'Núi Thành', 'nui-thanh', NULL, 511, 47, 9, 1, '2017-04-27 13:46:57', '2017-04-27 13:46:57'),
(524, 'Phú Ninh', 'phu-ninh', NULL, 512, 47, 10, 1, '2017-04-27 13:46:57', '2017-04-27 13:46:57'),
(525, 'Phước Sơn', 'phuoc-son', NULL, 513, 47, 11, 1, '2017-04-27 13:46:57', '2017-04-27 13:46:57'),
(526, 'Quế Sơn', 'que-son', NULL, 514, 47, 12, 1, '2017-04-27 13:46:57', '2017-04-27 13:46:57'),
(527, 'Tây Giang', 'tay-giang', NULL, 515, 47, 13, 1, '2017-04-27 13:46:57', '2017-04-27 13:46:57'),
(528, 'Thăng Bình', 'thang-binh', NULL, 516, 47, 14, 1, '2017-04-27 13:46:57', '2017-04-27 13:46:57'),
(529, 'Tiên Phước', 'tien-phuoc', NULL, 517, 47, 15, 1, '2017-04-27 13:46:57', '2017-04-27 13:46:57'),
(530, 'Tam Kỳ', 'tam-ky', NULL, 519, 47, 16, 1, '2017-04-27 13:46:57', '2017-04-27 13:46:57'),
(531, 'Hội An', 'hoi-an', NULL, 520, 47, 17, 1, '2017-04-27 13:46:57', '2017-04-27 13:46:57'),
(532, 'Nông Sơn', 'nong-son', NULL, 694, 47, 18, 1, '2017-04-27 13:46:57', '2017-04-27 13:46:57'),
(533, 'Ba Tơ', 'ba-to', NULL, 521, 48, 1, 1, '2017-04-27 13:46:57', '2017-04-27 13:46:57'),
(534, 'Bình Sơn', 'binh-son', NULL, 522, 48, 2, 1, '2017-04-27 13:46:57', '2017-04-27 13:46:57'),
(535, 'Đức Phổ', 'duc-pho', NULL, 523, 48, 3, 1, '2017-04-27 13:46:57', '2017-04-27 13:46:57'),
(536, 'Lý Sơn', 'ly-son', NULL, 524, 48, 4, 1, '2017-04-27 13:46:57', '2017-04-27 13:46:57'),
(537, 'Minh Long', 'minh-long', NULL, 525, 48, 5, 1, '2017-04-27 13:46:57', '2017-04-27 13:46:57'),
(538, 'Mộ Đức', 'mo-duc', NULL, 526, 48, 6, 1, '2017-04-27 13:46:57', '2017-04-27 13:46:57'),
(539, 'Nghĩa Hành', 'nghia-hanh', NULL, 527, 48, 7, 1, '2017-04-27 13:46:57', '2017-04-27 13:46:57'),
(540, 'Sơn Hà', 'son-ha', NULL, 528, 48, 8, 1, '2017-04-27 13:46:57', '2017-04-27 13:46:57'),
(541, 'Sơn Tây', 'son-tay', NULL, 529, 48, 9, 1, '2017-04-27 13:46:57', '2017-04-27 13:46:57'),
(542, 'Sơn Tịnh', 'son-tinh', NULL, 530, 48, 10, 1, '2017-04-27 13:46:57', '2017-04-27 13:46:57'),
(543, 'Tây Trà', 'tay-tra', NULL, 531, 48, 11, 1, '2017-04-27 13:46:57', '2017-04-27 13:46:57'),
(544, 'Trà Bồng', 'tra-bong', NULL, 532, 48, 12, 1, '2017-04-27 13:46:57', '2017-04-27 13:46:57'),
(545, 'Tư Nghĩa', 'tu-nghia', NULL, 533, 48, 13, 1, '2017-04-27 13:46:57', '2017-04-27 13:46:57'),
(546, 'Quảng Ngãi', 'quang-ngai', NULL, 534, 48, 14, 1, '2017-04-27 13:46:57', '2017-04-27 13:46:57'),
(547, 'Ba Chẽ', 'ba-che', NULL, 535, 49, 1, 1, '2017-04-27 13:46:57', '2017-04-27 13:46:57'),
(548, 'Bình Liêu', 'binh-lieu', NULL, 536, 49, 2, 1, '2017-04-27 13:46:57', '2017-04-27 13:46:57'),
(549, 'Cô Tô', 'co-to', NULL, 537, 49, 3, 1, '2017-04-27 13:46:57', '2017-04-27 13:46:57'),
(550, 'Đầm Hà', 'dam-ha', NULL, 538, 49, 4, 1, '2017-04-27 13:46:57', '2017-04-27 13:46:57'),
(551, 'Đông Triều', 'dong-trieu', NULL, 539, 49, 5, 1, '2017-04-27 13:46:57', '2017-04-27 13:46:57'),
(552, 'Hải Hà', 'hai-ha', NULL, 540, 49, 6, 1, '2017-04-27 13:46:57', '2017-04-27 13:46:57'),
(553, 'Hoành Bồ', 'hoanh-bo', NULL, 541, 49, 7, 1, '2017-04-27 13:46:57', '2017-04-27 13:46:57'),
(554, 'Tiên Yên', 'tien-yen', NULL, 542, 49, 8, 1, '2017-04-27 13:46:57', '2017-04-27 13:46:57'),
(555, 'Vân Đồn', 'van-don', NULL, 543, 49, 9, 1, '2017-04-27 13:46:57', '2017-04-27 13:46:57'),
(556, 'Hạ Long', 'ha-long', NULL, 546, 49, 10, 1, '2017-04-27 13:46:57', '2017-04-27 13:46:57'),
(557, 'Cẩm Phả', 'cam-pha', NULL, 547, 49, 11, 1, '2017-04-27 13:46:57', '2017-04-27 13:46:57'),
(558, 'Móng Cái', 'mong-cai', NULL, 548, 49, 12, 1, '2017-04-27 13:46:57', '2017-04-27 13:46:57'),
(559, 'Uông Bí', 'uong-bi', NULL, 549, 49, 13, 1, '2017-04-27 13:46:57', '2017-04-27 13:46:57'),
(560, 'Quảng Yên', 'quang-yen', NULL, 708, 49, 14, 1, '2017-04-27 13:46:57', '2017-04-27 13:46:57'),
(561, 'Cam Lộ', 'cam-lo', NULL, 550, 50, 1, 1, '2017-04-27 13:46:58', '2017-04-27 13:46:58'),
(562, 'Đăk Rông', 'dak-rong', NULL, 551, 50, 2, 1, '2017-04-27 13:46:58', '2017-04-27 13:46:58'),
(563, 'Đảo Cồn cỏ', 'dao-con-co', NULL, 552, 50, 3, 1, '2017-04-27 13:46:58', '2017-04-27 13:46:58'),
(564, 'Gio Linh', 'gio-linh', NULL, 553, 50, 4, 1, '2017-04-27 13:46:58', '2017-04-27 13:46:58'),
(565, 'Hải Lăng', 'hai-lang', NULL, 554, 50, 5, 1, '2017-04-27 13:46:58', '2017-04-27 13:46:58'),
(566, 'Hướng Hóa', 'huong-hoa', NULL, 555, 50, 6, 1, '2017-04-27 13:46:58', '2017-04-27 13:46:58'),
(567, 'Triệu Phong', 'trieu-phong', NULL, 556, 50, 7, 1, '2017-04-27 13:46:58', '2017-04-27 13:46:58'),
(568, 'Vĩnh Linh', 'vinh-linh', NULL, 557, 50, 8, 1, '2017-04-27 13:46:58', '2017-04-27 13:46:58'),
(569, 'Đông Hà', 'dong-ha', NULL, 558, 50, 9, 1, '2017-04-27 13:46:58', '2017-04-27 13:46:58'),
(570, 'Quảng Trị', 'quang-tri', NULL, 559, 50, 10, 1, '2017-04-27 13:46:58', '2017-04-27 13:46:58'),
(571, 'Cù Lao Dung', 'cu-lao-dung', NULL, 560, 51, 1, 1, '2017-04-27 13:46:58', '2017-04-27 13:46:58'),
(572, 'Kế Sách', 'ke-sach', NULL, 561, 51, 2, 1, '2017-04-27 13:46:58', '2017-04-27 13:46:58'),
(573, 'Long Phú', 'long-phu', NULL, 562, 51, 3, 1, '2017-04-27 13:46:58', '2017-04-27 13:46:58'),
(574, 'Mỹ Tú', 'my-tu', NULL, 563, 51, 4, 1, '2017-04-27 13:46:58', '2017-04-27 13:46:58'),
(575, 'Mỹ Xuyên', 'my-xuyen', NULL, 564, 51, 5, 1, '2017-04-27 13:46:58', '2017-04-27 13:46:58'),
(576, 'Ngã Năm', 'nga-nam', NULL, 565, 51, 6, 1, '2017-04-27 13:46:58', '2017-04-27 13:46:58'),
(577, 'Thạnh Trị', 'thanh-tri', NULL, 566, 51, 7, 1, '2017-04-27 13:46:58', '2017-04-27 13:46:58'),
(578, 'Vĩnh Châu', 'vinh-chau', NULL, 567, 51, 8, 1, '2017-04-27 13:46:58', '2017-04-27 13:46:58'),
(579, 'Sóc Trăng', 'soc-trang', NULL, 568, 51, 9, 1, '2017-04-27 13:46:58', '2017-04-27 13:46:58'),
(580, 'Châu Thành', 'chau-thanh', NULL, 695, 51, 10, 1, '2017-04-27 13:46:58', '2017-04-27 13:46:58'),
(581, 'Trần Đề', 'tran-de', NULL, 707, 51, 11, 1, '2017-04-27 13:46:58', '2017-04-27 13:46:58'),
(582, 'Bắc Yên', 'bac-yen', NULL, 569, 52, 1, 1, '2017-04-27 13:46:58', '2017-04-27 13:46:58'),
(583, 'Mai Sơn', 'mai-son', NULL, 570, 52, 2, 1, '2017-04-27 13:46:58', '2017-04-27 13:46:58'),
(584, 'Mộc Châu', 'moc-chau', NULL, 571, 52, 3, 1, '2017-04-27 13:46:58', '2017-04-27 13:46:58'),
(585, 'Mường La', 'muong-la', NULL, 572, 52, 4, 1, '2017-04-27 13:46:58', '2017-04-27 13:46:58'),
(586, 'Phù Yên', 'phu-yen', NULL, 573, 52, 5, 1, '2017-04-27 13:46:58', '2017-04-27 13:46:58'),
(587, 'Quỳnh Nhai', 'quynh-nhai', NULL, 574, 52, 6, 1, '2017-04-27 13:46:58', '2017-04-27 13:46:58'),
(588, 'Sông Mã', 'song-ma', NULL, 575, 52, 7, 1, '2017-04-27 13:46:58', '2017-04-27 13:46:58'),
(589, 'Sốp Cộp', 'sop-cop', NULL, 576, 52, 8, 1, '2017-04-27 13:46:58', '2017-04-27 13:46:58'),
(590, 'Thuận Châu', 'thuan-chau', NULL, 577, 52, 9, 1, '2017-04-27 13:46:58', '2017-04-27 13:46:58'),
(591, 'Yên Châu', 'yen-chau', NULL, 578, 52, 10, 1, '2017-04-27 13:46:58', '2017-04-27 13:46:58'),
(592, 'Sơn La', 'son-la', NULL, 579, 52, 11, 1, '2017-04-27 13:46:58', '2017-04-27 13:46:58'),
(593, 'Vân Hồ', 'van-ho', NULL, 726, 52, 12, 1, '2017-04-27 13:46:58', '2017-04-27 13:46:58'),
(594, 'Bến Cầu', 'ben-cau', NULL, 580, 53, 1, 1, '2017-04-27 13:46:58', '2017-04-27 13:46:58'),
(595, 'Châu Thành', 'chau-thanh', NULL, 581, 53, 2, 1, '2017-04-27 13:46:58', '2017-04-27 13:46:58'),
(596, 'Dương Minh Châu', 'duong-minh-chau', NULL, 582, 53, 3, 1, '2017-04-27 13:46:58', '2017-04-27 13:46:58'),
(597, 'Gò Dầu', 'go-dau', NULL, 583, 53, 4, 1, '2017-04-27 13:46:58', '2017-04-27 13:46:58'),
(598, 'Hòa Thành', 'hoa-thanh', NULL, 584, 53, 5, 1, '2017-04-27 13:46:58', '2017-04-27 13:46:58'),
(599, 'Tân Biên', 'tan-bien', NULL, 585, 53, 6, 1, '2017-04-27 13:46:58', '2017-04-27 13:46:58'),
(600, 'Tân Châu', 'tan-chau', NULL, 586, 53, 7, 1, '2017-04-27 13:46:58', '2017-04-27 13:46:58'),
(601, 'Trảng Bàng', 'trang-bang', NULL, 587, 53, 8, 1, '2017-04-27 13:46:58', '2017-04-27 13:46:58'),
(602, 'Tây Ninh', 'tay-ninh', NULL, 588, 53, 9, 1, '2017-04-27 13:46:58', '2017-04-27 13:46:58'),
(603, 'Đông Hưng', 'dong-hung', NULL, 589, 54, 1, 1, '2017-04-27 13:46:58', '2017-04-27 13:46:58'),
(604, 'Hưng Hà', 'hung-ha', NULL, 590, 54, 2, 1, '2017-04-27 13:46:58', '2017-04-27 13:46:58'),
(605, 'Kiến Xương', 'kien-xuong', NULL, 591, 54, 3, 1, '2017-04-27 13:46:58', '2017-04-27 13:46:58'),
(606, 'Quỳnh Phụ', 'quynh-phu', NULL, 592, 54, 4, 1, '2017-04-27 13:46:58', '2017-04-27 13:46:58'),
(607, 'Thái Thuỵ', 'thai-thuy', NULL, 593, 54, 5, 1, '2017-04-27 13:46:58', '2017-04-27 13:46:58'),
(608, 'Tiền Hải', 'tien-hai', NULL, 594, 54, 6, 1, '2017-04-27 13:46:58', '2017-04-27 13:46:58'),
(609, 'Vũ Thư', 'vu-thu', NULL, 595, 54, 7, 1, '2017-04-27 13:46:58', '2017-04-27 13:46:58'),
(610, 'Thái Bình', 'thai-binh', NULL, 596, 54, 8, 1, '2017-04-27 13:46:58', '2017-04-27 13:46:58'),
(611, 'Đại Từ', 'dai-tu', NULL, 597, 55, 1, 1, '2017-04-27 13:46:59', '2017-04-27 13:46:59'),
(612, 'Định Hóa', 'dinh-hoa', NULL, 598, 55, 2, 1, '2017-04-27 13:46:59', '2017-04-27 13:46:59'),
(613, 'Đồng Hỷ', 'dong-hy', NULL, 599, 55, 3, 1, '2017-04-27 13:46:59', '2017-04-27 13:46:59'),
(614, 'Phổ Yên', 'pho-yen', NULL, 600, 55, 4, 1, '2017-04-27 13:46:59', '2017-04-27 13:46:59'),
(615, 'Phú Bình', 'phu-binh', NULL, 601, 55, 5, 1, '2017-04-27 13:46:59', '2017-04-27 13:46:59'),
(616, 'Phú Lương', 'phu-luong', NULL, 602, 55, 6, 1, '2017-04-27 13:46:59', '2017-04-27 13:46:59'),
(617, 'Võ Nhai', 'vo-nhai', NULL, 603, 55, 7, 1, '2017-04-27 13:46:59', '2017-04-27 13:46:59'),
(618, 'Thái Nguyên', 'thai-nguyen', NULL, 604, 55, 8, 1, '2017-04-27 13:46:59', '2017-04-27 13:46:59'),
(619, 'Sông Công', 'song-cong', NULL, 605, 55, 9, 1, '2017-04-27 13:46:59', '2017-04-27 13:46:59'),
(620, 'Bá Thước', 'ba-thuoc', NULL, 606, 56, 1, 1, '2017-04-27 13:46:59', '2017-04-27 13:46:59'),
(621, 'Cẩm Thủy', 'cam-thuy', NULL, 607, 56, 2, 1, '2017-04-27 13:46:59', '2017-04-27 13:46:59'),
(622, 'Đông Sơn', 'dong-son', NULL, 608, 56, 3, 1, '2017-04-27 13:46:59', '2017-04-27 13:46:59'),
(623, 'Hà Trung', 'ha-trung', NULL, 609, 56, 4, 1, '2017-04-27 13:46:59', '2017-04-27 13:46:59'),
(624, 'Hậu Lộc', 'hau-loc', NULL, 610, 56, 5, 1, '2017-04-27 13:46:59', '2017-04-27 13:46:59'),
(625, 'Hoằng Hóa', 'hoang-hoa', NULL, 611, 56, 6, 1, '2017-04-27 13:46:59', '2017-04-27 13:46:59'),
(626, 'Lang Chánh', 'lang-chanh', NULL, 612, 56, 7, 1, '2017-04-27 13:46:59', '2017-04-27 13:46:59'),
(627, 'Mường Lát', 'muong-lat', NULL, 613, 56, 8, 1, '2017-04-27 13:46:59', '2017-04-27 13:46:59'),
(628, 'Nga Sơn', 'nga-son', NULL, 614, 56, 9, 1, '2017-04-27 13:46:59', '2017-04-27 13:46:59'),
(629, 'Ngọc Lặc', 'ngoc-lac', NULL, 615, 56, 10, 1, '2017-04-27 13:46:59', '2017-04-27 13:46:59'),
(630, 'Như Thanh', 'nhu-thanh', NULL, 616, 56, 11, 1, '2017-04-27 13:46:59', '2017-04-27 13:46:59'),
(631, 'Như Xuân', 'nhu-xuan', NULL, 617, 56, 12, 1, '2017-04-27 13:46:59', '2017-04-27 13:46:59'),
(632, 'Nông Cống', 'nong-cong', NULL, 618, 56, 13, 1, '2017-04-27 13:46:59', '2017-04-27 13:46:59'),
(633, 'Quan Hóa', 'quan-hoa', NULL, 619, 56, 14, 1, '2017-04-27 13:46:59', '2017-04-27 13:46:59'),
(634, 'Quan Sơn', 'quan-son', NULL, 620, 56, 15, 1, '2017-04-27 13:46:59', '2017-04-27 13:46:59'),
(635, 'Quảng Xương', 'quang-xuong', NULL, 621, 56, 16, 1, '2017-04-27 13:46:59', '2017-04-27 13:46:59'),
(636, 'Thạch Thành', 'thach-thanh', NULL, 622, 56, 17, 1, '2017-04-27 13:46:59', '2017-04-27 13:46:59'),
(637, 'Thiệu Hóa', 'thieu-hoa', NULL, 623, 56, 18, 1, '2017-04-27 13:46:59', '2017-04-27 13:46:59'),
(638, 'Thọ Xuân', 'tho-xuan', NULL, 624, 56, 19, 1, '2017-04-27 13:46:59', '2017-04-27 13:46:59'),
(639, 'Thường Xuân', 'thuong-xuan', NULL, 625, 56, 20, 1, '2017-04-27 13:46:59', '2017-04-27 13:46:59'),
(640, 'Tĩnh Gia', 'tinh-gia', NULL, 626, 56, 21, 1, '2017-04-27 13:46:59', '2017-04-27 13:46:59'),
(641, 'Triệu Sơn', 'trieu-son', NULL, 627, 56, 22, 1, '2017-04-27 13:46:59', '2017-04-27 13:46:59'),
(642, 'Vĩnh Lộc', 'vinh-loc', NULL, 628, 56, 23, 1, '2017-04-27 13:46:59', '2017-04-27 13:46:59'),
(643, 'Yên Định', 'yen-dinh', NULL, 629, 56, 24, 1, '2017-04-27 13:46:59', '2017-04-27 13:46:59'),
(644, 'Thanh Hóa', 'thanh-hoa', NULL, 630, 56, 25, 1, '2017-04-27 13:46:59', '2017-04-27 13:46:59'),
(645, 'Bỉm Sơn', 'bim-son', NULL, 631, 56, 26, 1, '2017-04-27 13:46:59', '2017-04-27 13:46:59'),
(646, 'Sầm Sơn', 'sam-son', NULL, 632, 56, 27, 1, '2017-04-27 13:46:59', '2017-04-27 13:46:59'),
(647, 'A Lưới', 'a-luoi', NULL, 633, 57, 1, 1, '2017-04-27 13:46:59', '2017-04-27 13:46:59'),
(648, 'Hương Thủy', 'huong-thuy', NULL, 634, 57, 2, 1, '2017-04-27 13:46:59', '2017-04-27 13:46:59'),
(649, 'Hương Trà', 'huong-tra', NULL, 635, 57, 3, 1, '2017-04-27 13:46:59', '2017-04-27 13:46:59'),
(650, 'Nam Đông', 'nam-dong', NULL, 636, 57, 4, 1, '2017-04-27 13:46:59', '2017-04-27 13:46:59'),
(651, 'Phong Điền', 'phong-dien', NULL, 637, 57, 5, 1, '2017-04-27 13:46:59', '2017-04-27 13:46:59'),
(652, 'Phú Lộc', 'phu-loc', NULL, 638, 57, 6, 1, '2017-04-27 13:46:59', '2017-04-27 13:46:59'),
(653, 'Phú Vang', 'phu-vang', NULL, 639, 57, 7, 1, '2017-04-27 13:46:59', '2017-04-27 13:46:59'),
(654, 'Quảng Điền', 'quang-dien', NULL, 640, 57, 8, 1, '2017-04-27 13:46:59', '2017-04-27 13:46:59'),
(655, 'Huế', 'hue', NULL, 641, 57, 9, 1, '2017-04-27 13:46:59', '2017-04-27 13:46:59'),
(656, 'Cái Bè', 'cai-be', NULL, 642, 58, 1, 1, '2017-04-27 13:46:59', '2017-04-27 13:46:59'),
(657, 'Huyện Cai Lậy', 'huyen-cai-lay', NULL, 643, 58, 2, 1, '2017-04-27 13:46:59', '2017-04-27 13:46:59'),
(658, 'Châu Thành', 'chau-thanh', NULL, 644, 58, 3, 1, '2017-04-27 13:46:59', '2017-04-27 13:46:59'),
(659, 'Chợ Gạo', 'cho-gao', NULL, 645, 58, 4, 1, '2017-04-27 13:46:59', '2017-04-27 13:46:59'),
(660, 'Gò Công Đông', 'go-cong-dong', NULL, 646, 58, 5, 1, '2017-04-27 13:46:59', '2017-04-27 13:46:59'),
(661, 'Gò Công Tây', 'go-cong-tay', NULL, 647, 58, 6, 1, '2017-04-27 13:46:59', '2017-04-27 13:46:59'),
(662, 'Tân Phước', 'tan-phuoc', NULL, 648, 58, 7, 1, '2017-04-27 13:46:59', '2017-04-27 13:46:59'),
(663, 'Tân Phú Đông', 'tan-phu-dong', NULL, 649, 58, 8, 1, '2017-04-27 13:46:59', '2017-04-27 13:46:59'),
(664, 'Mỹ Tho', 'my-tho', NULL, 650, 58, 9, 1, '2017-04-27 13:46:59', '2017-04-27 13:46:59'),
(665, 'Gò Công', 'go-cong', NULL, 651, 58, 10, 1, '2017-04-27 13:46:59', '2017-04-27 13:46:59'),
(666, 'Thị Xã Cai Lậy', 'thi-xa-cai-lay', NULL, 727, 58, 11, 1, '2017-04-27 13:46:59', '2017-04-27 13:46:59'),
(667, 'Càng Long', 'cang-long', NULL, 652, 59, 1, 1, '2017-04-27 13:46:59', '2017-04-27 13:46:59'),
(668, 'Cầu Kè', 'cau-ke', NULL, 653, 59, 2, 1, '2017-04-27 13:46:59', '2017-04-27 13:46:59'),
(669, 'Cầu Ngang', 'cau-ngang', NULL, 654, 59, 3, 1, '2017-04-27 13:46:59', '2017-04-27 13:46:59'),
(670, 'Châu Thành', 'chau-thanh', NULL, 655, 59, 4, 1, '2017-04-27 13:46:59', '2017-04-27 13:46:59'),
(671, 'Duyên Hải', 'duyen-hai', NULL, 656, 59, 5, 1, '2017-04-27 13:46:59', '2017-04-27 13:46:59'),
(672, 'Tiểu Cần', 'tieu-can', NULL, 657, 59, 6, 1, '2017-04-27 13:46:59', '2017-04-27 13:46:59'),
(673, 'Trà Cú', 'tra-cu', NULL, 658, 59, 7, 1, '2017-04-27 13:46:59', '2017-04-27 13:46:59'),
(674, 'Trà Vinh', 'tra-vinh', NULL, 659, 59, 8, 1, '2017-04-27 13:46:59', '2017-04-27 13:46:59'),
(675, 'Chiêm Hóa', 'chiem-hoa', NULL, 660, 60, 1, 1, '2017-04-27 13:47:00', '2017-04-27 13:47:00'),
(676, 'Hàm Yên', 'ham-yen', NULL, 661, 60, 2, 1, '2017-04-27 13:47:00', '2017-04-27 13:47:00'),
(677, 'Na Hang', 'na-hang', NULL, 662, 60, 3, 1, '2017-04-27 13:47:00', '2017-04-27 13:47:00'),
(678, 'Sơn Dương', 'son-duong', NULL, 663, 60, 4, 1, '2017-04-27 13:47:00', '2017-04-27 13:47:00'),
(679, 'Yên Sơn', 'yen-son', NULL, 664, 60, 5, 1, '2017-04-27 13:47:00', '2017-04-27 13:47:00'),
(680, 'Tuyên Quang', 'tuyen-quang', NULL, 665, 60, 6, 1, '2017-04-27 13:47:00', '2017-04-27 13:47:00'),
(681, 'Lâm Bình', 'lam-binh', NULL, 712, 60, 7, 1, '2017-04-27 13:47:00', '2017-04-27 13:47:00'),
(682, 'Bình Minh', 'binh-minh', NULL, 666, 61, 1, 1, '2017-04-27 13:47:00', '2017-04-27 13:47:00'),
(683, 'Bình Tân', 'binh-tan', NULL, 667, 61, 2, 1, '2017-04-27 13:47:00', '2017-04-27 13:47:00'),
(684, 'Long Hồ', 'long-ho', NULL, 668, 61, 3, 1, '2017-04-27 13:47:00', '2017-04-27 13:47:00'),
(685, 'Mang Thít', 'mang-thit', NULL, 669, 61, 4, 1, '2017-04-27 13:47:00', '2017-04-27 13:47:00'),
(686, 'Tam Bình', 'tam-binh', NULL, 670, 61, 5, 1, '2017-04-27 13:47:00', '2017-04-27 13:47:00'),
(687, 'Trà Ôn', 'tra-on', NULL, 671, 61, 6, 1, '2017-04-27 13:47:00', '2017-04-27 13:47:00'),
(688, 'Vũng Liêm', 'vung-liem', NULL, 672, 61, 7, 1, '2017-04-27 13:47:00', '2017-04-27 13:47:00'),
(689, 'Vĩnh Long', 'vinh-long', NULL, 673, 61, 8, 1, '2017-04-27 13:47:00', '2017-04-27 13:47:00'),
(690, 'Bình Xuyên', 'binh-xuyen', NULL, 674, 62, 1, 1, '2017-04-27 13:47:00', '2017-04-27 13:47:00'),
(691, 'Lập Thạch', 'lap-thach', NULL, 675, 62, 2, 1, '2017-04-27 13:47:00', '2017-04-27 13:47:00'),
(692, 'Tam Đảo', 'tam-dao', NULL, 676, 62, 3, 1, '2017-04-27 13:47:00', '2017-04-27 13:47:00'),
(693, 'Tam Dương', 'tam-duong', NULL, 677, 62, 4, 1, '2017-04-27 13:47:00', '2017-04-27 13:47:00'),
(694, 'Vĩnh Tường', 'vinh-tuong', NULL, 678, 62, 5, 1, '2017-04-27 13:47:00', '2017-04-27 13:47:00'),
(695, 'Yên Lạc', 'yen-lac', NULL, 679, 62, 6, 1, '2017-04-27 13:47:00', '2017-04-27 13:47:00'),
(696, 'Vĩnh Yên', 'vinh-yen', NULL, 680, 62, 7, 1, '2017-04-27 13:47:00', '2017-04-27 13:47:00'),
(697, 'Phúc Yên', 'phuc-yen', NULL, 681, 62, 8, 1, '2017-04-27 13:47:00', '2017-04-27 13:47:00'),
(698, 'Sông Lô', 'song-lo', NULL, 696, 62, 9, 1, '2017-04-27 13:47:00', '2017-04-27 13:47:00'),
(699, 'Lục Yên', 'luc-yen', NULL, 682, 63, 1, 1, '2017-04-27 13:47:00', '2017-04-27 13:47:00'),
(700, 'Mù Cang Chải', 'mu-cang-chai', NULL, 683, 63, 2, 1, '2017-04-27 13:47:00', '2017-04-27 13:47:00'),
(701, 'Trạm Tấu', 'tram-tau', NULL, 684, 63, 3, 1, '2017-04-27 13:47:00', '2017-04-27 13:47:00'),
(702, 'Trấn Yên', 'tran-yen', NULL, 685, 63, 4, 1, '2017-04-27 13:47:00', '2017-04-27 13:47:00'),
(703, 'Văn Chấn', 'van-chan', NULL, 686, 63, 5, 1, '2017-04-27 13:47:00', '2017-04-27 13:47:00'),
(704, 'Văn Yên', 'van-yen', NULL, 687, 63, 6, 1, '2017-04-27 13:47:00', '2017-04-27 13:47:00'),
(705, 'Yên Bình', 'yen-binh', NULL, 688, 63, 7, 1, '2017-04-27 13:47:00', '2017-04-27 13:47:00'),
(706, 'Yên Bái', 'yen-bai', NULL, 689, 63, 8, 1, '2017-04-27 13:47:00', '2017-04-27 13:47:00'),
(707, 'Nghĩa Lộ', 'nghia-lo', NULL, 713, 63, 9, 1, '2017-04-27 13:47:00', '2017-04-27 13:47:00');

-- --------------------------------------------------------

--
-- Table structure for table `estate_type`
--

CREATE TABLE `estate_type` (
  `id` int(11) NOT NULL,
  `name_vi` varchar(255) NOT NULL,
  `name_en` varchar(255) NOT NULL,
  `slug` varchar(255) NOT NULL,
  `type` tinyint(1) NOT NULL COMMENT '1 : ban 2 : cho thue',
  `display_order` int(11) NOT NULL,
  `status` tinyint(1) NOT NULL,
  `meta_id` bigint(20) NOT NULL,
  `created_at` datetime DEFAULT NULL,
  `updated_at` datetime DEFAULT NULL
) ENGINE=MyISAM DEFAULT CHARSET=utf8;

-- --------------------------------------------------------

--
-- Table structure for table `groups`
--

CREATE TABLE `groups` (
  `id` int(11) NOT NULL,
  `name_vi` varchar(255) NOT NULL,
  `name_en` varchar(255) NOT NULL,
  `description_vi` text,
  `description_en` text,
  `type` enum('admin','member') NOT NULL DEFAULT 'admin' COMMENT 'admin or member',
  `permission` text NOT NULL,
  `display_order` int(11) NOT NULL DEFAULT '0' COMMENT 'type member only',
  `status` tinyint(1) NOT NULL DEFAULT '1',
  `created_user` int(11) NOT NULL,
  `updated_user` int(11) NOT NULL,
  `created_at` datetime NOT NULL,
  `updated_at` datetime NOT NULL
) ENGINE=InnoDB DEFAULT CHARSET=utf8;

--
-- Dumping data for table `groups`
--

INSERT INTO `groups` (`id`, `name_vi`, `name_en`, `description_vi`, `description_en`, `type`, `permission`, `display_order`, `status`, `created_user`, `updated_user`, `created_at`, `updated_at`) VALUES
(1, 'Admin', 'Admin', 'Admin', 'Admin', 'admin', '{\"realestate_owner\":[1,1,1,1],\"realestate_hot\":[1,1,1,1],\"realestate_project\":[1,1,1,1],\"realestate_member\":[1,1,1,1],\"realestate_newest\":[1,1,1,1],\"logo\":[1,1,1,1],\"news\":[1,1,1,1],\"view\":[1,1]}', 0, 1, 1, 1, '2017-12-20 18:56:36', '2017-12-20 18:56:36'),
(2, 'Nhân Viên', 'Nhân Viên', 'Nhân Viên', 'Nhân Viên', 'admin', '{\"realestate_owner\":[1,1,1,0],\"realestate_hot\":[1,1,1,0],\"realestate_project\":[1,1,1,0],\"realestate_member\":[1,1,1,0],\"realestate_newest\":[1,1,1,0],\"logo\":[1,1,1,0],\"news\":[1,1,1,0],\"view\":[0,1]}', 0, 1, 1, 1, '2017-12-20 18:56:36', '2017-12-20 18:56:36'),
(3, 'Cộng Tác Viên', 'Cộng Tác Viên', 'Cộng Tác Viên', 'Cộng Tác Viên', 'admin', '{\"realestate_owner\":[0,0,0,0],\"realestate_hot\":[0,0,0,0],\"realestate_project\":[0,0,0,0],\"realestate_member\":[1,1,1,0],\"realestate_newest\":[1,1,1,0],\"logo\":[0,0,0,0],\"news\":[0,0,0,0],\"view\":[0,1]}', 0, 1, 1, 1, '2017-12-20 18:56:36', '2017-12-20 18:56:36'),
(4, 'Thành Viên Tìm Kiếm BĐS', 'Thành Viên Tìm Kiếm BĐS', 'Th&agrave;nh Vi&ecirc;n T&igrave;m Kiếm BĐS', 'Th&agrave;nh Vi&ecirc;n T&igrave;m Kiếm BĐS', 'member', '{\"realestate_owner\":[0,0,0,0],\"realestate_hot\":[0,0,0,0],\"realestate_project\":[0,0,0,0],\"realestate_member\":[\"1\",\"1\",\"1\",\"1\"],\"realestate_newest\":[0,0,0,0],\"logo\":[\"1\",\"1\",\"1\",\"1\"],\"news\":[\"1\",\"1\",\"1\",\"1\"],\"view\":[\"1\",0]}', 1, 1, 1, 2, '2017-12-20 18:56:36', '2017-12-20 19:01:54'),
(5, 'Thành Viên Môi Giới', 'Thành Viên Môi Giới', 'Thành Viên Môi Giới', 'Thành Viên Môi Giới', 'member', '{\"realestate_owner\":[0,0,0,0],\"realestate_hot\":[0,0,0,0],\"realestate_project\":[0,0,0,0],\"realestate_member\":[1,1,1,1],\"realestate_newest\":[0,0,0,0],\"logo\":[0,0,0,0],\"news\":[0,0,0,0],\"view\":[1,0]}', 2, 1, 1, 1, '2017-12-20 18:56:36', '2017-12-20 18:56:36'),
(6, 'Thành Viên Chính Chủ', 'Thành Viên Chính Chủ', 'Thành Viên Chính Chủ', 'Thành Viên Chính Chủ', 'member', '{\"realestate_owner\":[0,0,0,0],\"realestate_hot\":[0,0,0,0],\"realestate_project\":[0,0,0,0],\"realestate_member\":[1,1,1,1],\"realestate_newest\":[0,0,0,0],\"logo\":[0,0,0,0],\"news\":[0,0,0,0],\"view\":[1,0]}', 3, 1, 1, 1, '2017-12-20 18:56:36', '2017-12-20 18:56:36'),
(7, 'Đối Tác', 'Đối Tác', 'Đối Tác', 'Đối Tác', 'member', '{\"realestate_owner\":[0,0,0,0],\"realestate_hot\":[0,0,0,0],\"realestate_project\":[1,1,1,1],\"realestate_member\":[0,0,0,0],\"realestate_newest\":[0,0,0,0],\"logo\":[1,1,1,1],\"news\":[1,1,1,1],\"view\":[1,0]}', 4, 1, 1, 1, '2017-12-20 18:56:36', '2017-12-20 18:56:36');

-- --------------------------------------------------------

--
-- Table structure for table `menu`
--

CREATE TABLE `menu` (
  `id` int(11) NOT NULL,
  `title` varchar(255) NOT NULL,
  `slug` varchar(255) DEFAULT NULL,
  `object_id` int(11) DEFAULT NULL,
  `type` tinyint(4) NOT NULL COMMENT '1 : danh muc, 2 : trang, 3 custom',
  `url` varchar(255) DEFAULT NULL,
  `title_attr` varchar(255) DEFAULT NULL,
  `menu_id` tinyint(4) NOT NULL DEFAULT '1',
  `display_order` int(11) NOT NULL,
  `status` int(11) NOT NULL
) ENGINE=InnoDB DEFAULT CHARSET=utf8;

-- --------------------------------------------------------

--
-- Table structure for table `meta_data`
--

CREATE TABLE `meta_data` (
  `id` bigint(20) NOT NULL,
  `title_vi` varchar(255) DEFAULT NULL,
  `description_vi` varchar(255) DEFAULT NULL,
  `keywords_vi` varchar(255) DEFAULT NULL,
  `custom_text_vi` text,
  `title_en` varchar(255) DEFAULT NULL,
  `description_en` varchar(255) DEFAULT NULL,
  `keywords_en` varchar(255) DEFAULT NULL,
  `custom_text_en` text,
  `created_user` int(11) NOT NULL,
  `updated_user` int(11) NOT NULL,
  `created_at` datetime NOT NULL,
  `updated_at` datetime NOT NULL
) ENGINE=InnoDB DEFAULT CHARSET=utf8;

--
-- Dumping data for table `meta_data`
--

INSERT INTO `meta_data` (`id`, `title_vi`, `description_vi`, `keywords_vi`, `custom_text_vi`, `title_en`, `description_en`, `keywords_en`, `custom_text_en`, `created_user`, `updated_user`, `created_at`, `updated_at`) VALUES
(1, NULL, NULL, NULL, NULL, NULL, NULL, NULL, NULL, 2, 2, '2017-12-20 23:09:50', '2017-12-20 23:09:50'),
(2, NULL, NULL, NULL, NULL, NULL, NULL, NULL, NULL, 2, 2, '2017-12-20 23:10:51', '2017-12-20 23:10:51'),
(3, NULL, NULL, NULL, NULL, NULL, NULL, NULL, NULL, 2, 2, '2017-12-20 23:13:11', '2017-12-20 23:13:11'),
(4, NULL, NULL, NULL, NULL, NULL, NULL, NULL, NULL, 2, 2, '2017-12-20 23:14:43', '2017-12-20 23:14:43'),
(5, NULL, NULL, NULL, NULL, NULL, NULL, NULL, NULL, 2, 2, '2017-12-20 23:16:10', '2017-12-20 23:16:10'),
(6, 'jdfhfdhdfhdsfhsdfhsdfh', 'dsfhddf', 'dfhdf', 'hdfhsdf', 'rrrrrrrrrrrrrrrrrrrrr', 'fhdsfh', 'sdfh', 'ew', 2, 2, '2017-12-28 09:14:47', '2017-12-28 09:26:22'),
(7, 'hhhhhhhhhhhhhhhh', 'hhhhhhhhhhhhhhhhhhhhhhh', 'hhhhhhhhhhhhhhhhhhhhhhhhhhhhhhhhhhhh', 'hhhhhhhhhhhhhhhhhhhhhhhhhhhhhhhhhhhhhhhhhhhh', 'rrrrrrrrrrrrr', 'rrrrrrrrrrrrrrrrrrrrrrrrr', 'rrrrrrrrrrrrrrrrrrrrrrrrrrrrrrrrrrrrrrrr', 'rrrrrrrrrrrrrrrrrrrrrrrrrrrrrrrrrrrrrrrrrrrrrrrrrrrr', 2, 2, '2017-12-28 09:36:28', '2017-12-28 09:36:28'),
(8, 'dgsd', 'gsdgs', 'adgsd', 'gsadgsdg', 'gsd', 'gsdgsd', 'gsdg', 'sdgsdgsdg', 2, 2, '2017-12-28 09:53:42', '2017-12-28 09:53:42'),
(9, 'g', 'sagsdg', 'sdg', 'ádgasdgas', 'sdgs', 'dgsdg', 'sdg', 'sadgasdgsadg', 2, 2, '2017-12-28 10:36:25', '2017-12-28 10:36:25');

-- --------------------------------------------------------

--
-- Table structure for table `modules`
--

CREATE TABLE `modules` (
  `id` int(11) NOT NULL,
  `code` varchar(25) CHARACTER SET utf8 COLLATE utf8_unicode_ci NOT NULL,
  `name` varchar(255) CHARACTER SET utf8 COLLATE utf8_unicode_ci NOT NULL,
  `cate_related` int(11) DEFAULT NULL,
  `created_at` datetime NOT NULL,
  `updated_at` datetime NOT NULL
) ENGINE=InnoDB DEFAULT CHARSET=utf8;

--
-- Dumping data for table `modules`
--

INSERT INTO `modules` (`id`, `code`, `name`, `cate_related`, `created_at`, `updated_at`) VALUES
(1, 'realestate_owner', 'BĐS Chính Chủ', 1, '2017-12-20 18:56:36', '2017-12-20 18:56:36'),
(2, 'realestate_hot', 'BĐS Nổi Bật', 2, '2017-12-20 18:56:36', '2017-12-20 18:56:36'),
(3, 'realestate_project', 'BĐS Dự Án', 3, '2017-12-20 18:56:36', '2017-12-20 18:56:36'),
(4, 'realestate_member', 'BĐS Thành Viên', 4, '2017-12-20 18:56:36', '2017-12-20 18:56:36'),
(5, 'realestate_newest', 'BĐS Mới Nhất', 5, '2017-12-20 18:56:36', '2017-12-20 18:56:36'),
(6, 'logo', 'Logo', NULL, '2017-12-20 18:56:36', '2017-12-20 18:56:36'),
(7, 'news', 'Bài viết', NULL, '2017-12-20 18:56:36', '2017-12-20 18:56:36'),
(8, 'view', 'Xem Tin', NULL, '2017-12-20 18:56:36', '2017-12-20 18:56:36');

-- --------------------------------------------------------

--
-- Table structure for table `newsletter`
--

CREATE TABLE `newsletter` (
  `id` int(11) NOT NULL,
  `email` varchar(255) NOT NULL,
  `is_member` tinyint(1) NOT NULL DEFAULT '0',
  `status` tinyint(1) NOT NULL DEFAULT '1',
  `updated_user` tinyint(4) DEFAULT NULL,
  `created_at` datetime NOT NULL,
  `updated_at` datetime NOT NULL
) ENGINE=InnoDB DEFAULT CHARSET=utf8;

-- --------------------------------------------------------

--
-- Table structure for table `object_tag`
--

CREATE TABLE `object_tag` (
  `object_id` int(11) NOT NULL,
  `tag_id` int(11) NOT NULL
) ENGINE=InnoDB DEFAULT CHARSET=utf8;

-- --------------------------------------------------------

--
-- Table structure for table `pages`
--

CREATE TABLE `pages` (
  `id` int(111) NOT NULL,
  `title` varchar(255) NOT NULL,
  `alias` varchar(255) NOT NULL,
  `description` varchar(500) DEFAULT NULL,
  `content` text,
  `image_url` varchar(255) NOT NULL,
  `slug` varchar(255) NOT NULL,
  `status` tinyint(1) NOT NULL DEFAULT '1',
  `meta_title` varchar(255) DEFAULT NULL,
  `meta_description` varchar(255) DEFAULT NULL,
  `meta_keywords` varchar(255) DEFAULT NULL,
  `custom_text` varchar(255) DEFAULT NULL,
  `created_user` tinyint(4) NOT NULL,
  `updated_user` tinyint(4) NOT NULL,
  `created_at` datetime NOT NULL,
  `updated_at` datetime NOT NULL
) ENGINE=InnoDB DEFAULT CHARSET=utf8 ROW_FORMAT=COMPACT;

-- --------------------------------------------------------

--
-- Table structure for table `price`
--

CREATE TABLE `price` (
  `id` int(11) NOT NULL,
  `name` varchar(255) CHARACTER SET utf8 NOT NULL,
  `slug` varchar(20) DEFAULT NULL,
  `type` tinyint(1) NOT NULL,
  `display_order` int(11) NOT NULL,
  `value_from` float NOT NULL,
  `value_to` float NOT NULL,
  `price_unit_id` int(11) NOT NULL,
  `created_at` datetime NOT NULL,
  `updated_at` datetime NOT NULL
) ENGINE=MyISAM DEFAULT CHARSET=latin1;

-- --------------------------------------------------------

--
-- Table structure for table `price_unit`
--

CREATE TABLE `price_unit` (
  `id` int(11) NOT NULL,
  `name` varchar(255) NOT NULL,
  `slug` varchar(255) NOT NULL,
  `type` smallint(6) NOT NULL COMMENT '1 ',
  `status` tinyint(1) NOT NULL DEFAULT '1',
  `created_at` datetime DEFAULT NULL,
  `updated_at` datetime DEFAULT NULL
) ENGINE=InnoDB DEFAULT CHARSET=utf8;

-- --------------------------------------------------------

--
-- Table structure for table `product`
--

CREATE TABLE `product` (
  `id` int(11) NOT NULL,
  `title_vi` varchar(255) NOT NULL,
  `title_en` varchar(255) NOT NULL,
  `slug` varchar(255) DEFAULT NULL,
  `description_vi` text NOT NULL,
  `description_en` text NOT NULL,
  `type` int(11) NOT NULL COMMENT '1 : buy 2 : rent',
  `thumbnail_id` bigint(20) DEFAULT NULL,
  `cate_id` int(11) DEFAULT NULL,
  `estate_type_id` int(11) NOT NULL,
  `city_id` int(11) NOT NULL,
  `district_id` int(11) NOT NULL,
  `ward_id` int(11) NOT NULL,
  `street_name_vi` varchar(255) NOT NULL,
  `street_name_en` varchar(255) NOT NULL,
  `street_num` varchar(50) NOT NULL,
  `price` varchar(50) NOT NULL,
  `price_unit_id` smallint(6) NOT NULL,
  `area_vi` varchar(100) NOT NULL,
  `no_garages` smallint(6) DEFAULT NULL,
  `no_room` smallint(6) DEFAULT NULL,
  `no_wc` smallint(6) DEFAULT NULL,
  `video_url` int(11) DEFAULT NULL,
  `contact_phone_vi` varchar(20) DEFAULT NULL,
  `price_id` int(11) DEFAULT NULL,
  `area_id` int(11) DEFAULT NULL,
  `longt` varchar(100) DEFAULT NULL,
  `latt` varchar(100) DEFAULT NULL,
  `status` tinyint(1) NOT NULL DEFAULT '1',
  `is_hot` tinyint(1) NOT NULL DEFAULT '0',
  `display_order` int(11) NOT NULL DEFAULT '1' COMMENT 'danh cho bds hot',
  `meta_id` bigint(20) NOT NULL DEFAULT '0',
  `created_user` int(11) NOT NULL DEFAULT '0',
  `updated_user` int(11) NOT NULL DEFAULT '0',
  `customer_id` int(11) DEFAULT NULL,
  `created_at` datetime DEFAULT NULL,
  `updated_at` datetime DEFAULT NULL
) ENGINE=InnoDB DEFAULT CHARSET=utf8;

-- --------------------------------------------------------

--
-- Table structure for table `product_img`
--

CREATE TABLE `product_img` (
  `id` bigint(11) NOT NULL,
  `product_id` int(11) NOT NULL,
  `image_url` varchar(255) NOT NULL,
  `display_order` tinyint(4) NOT NULL
) ENGINE=InnoDB DEFAULT CHARSET=utf8;

-- --------------------------------------------------------

--
-- Table structure for table `project`
--

CREATE TABLE `project` (
  `id` int(11) NOT NULL,
  `name` varchar(255) NOT NULL,
  `slug` varchar(255) NOT NULL,
  `type` int(11) NOT NULL,
  `ward_id` int(11) NOT NULL,
  `district_id` int(11) NOT NULL,
  `city_id` int(11) NOT NULL,
  `address` varchar(255) NOT NULL,
  `contact` varchar(200) NOT NULL,
  `phone` varchar(100) NOT NULL,
  `image_url` varchar(255) NOT NULL,
  `video_url` varchar(255) NOT NULL,
  `description` varchar(255) NOT NULL,
  `content` text NOT NULL,
  `hot` tinyint(1) NOT NULL,
  `longt` varchar(100) NOT NULL,
  `latt` varchar(100) NOT NULL,
  `display_order` int(11) NOT NULL,
  `status` tinyint(1) NOT NULL,
  `meta_id` bigint(20) DEFAULT NULL,
  `id_dothi` bigint(20) NOT NULL,
  `created_at` datetime DEFAULT NULL,
  `updated_at` datetime DEFAULT NULL
) ENGINE=InnoDB DEFAULT CHARSET=utf8;

-- --------------------------------------------------------

--
-- Table structure for table `seo`
--

CREATE TABLE `seo` (
  `id` int(11) NOT NULL,
  `page_name` varchar(255) CHARACTER SET utf8 NOT NULL,
  `meta_title` varchar(255) CHARACTER SET utf8 NOT NULL,
  `meta_description` varchar(255) CHARACTER SET utf8 NOT NULL,
  `meta_keyword` varchar(255) CHARACTER SET utf8 NOT NULL,
  `seo_title` varchar(255) CHARACTER SET utf8 NOT NULL,
  `seo_text` text CHARACTER SET utf8
) ENGINE=InnoDB DEFAULT CHARSET=latin1;

-- --------------------------------------------------------

--
-- Table structure for table `settings`
--

CREATE TABLE `settings` (
  `id` bigint(20) UNSIGNED NOT NULL,
  `name` varchar(255) NOT NULL DEFAULT '',
  `value` longtext NOT NULL,
  `created_at` datetime NOT NULL,
  `updated_at` datetime NOT NULL
) ENGINE=InnoDB DEFAULT CHARSET=utf8;

-- --------------------------------------------------------

--
-- Table structure for table `socials`
--

CREATE TABLE `socials` (
  `id` int(11) NOT NULL,
  `user_id` int(11) NOT NULL,
  `social_id` varchar(250) COLLATE utf8_unicode_ci NOT NULL,
  `provider` enum('facebook','google','twitter') COLLATE utf8_unicode_ci NOT NULL,
  `created_user` int(11) NOT NULL DEFAULT '0',
  `updated_user` int(11) NOT NULL DEFAULT '0',
  `created_at` datetime NOT NULL,
  `updated_at` datetime DEFAULT NULL
) ENGINE=InnoDB DEFAULT CHARSET=utf8 COLLATE=utf8_unicode_ci;

-- --------------------------------------------------------

--
-- Table structure for table `tag`
--

CREATE TABLE `tag` (
  `id` bigint(20) NOT NULL,
  `meta_id` bigint(20) DEFAULT NULL,
  `slug` varchar(255) NOT NULL,
  `type` tinyint(1) NOT NULL COMMENT '1 bds 2 tin tuc 3 tien ich',
  `name` varchar(255) NOT NULL,
  `alias` varchar(255) DEFAULT NULL,
  `description` varchar(32) DEFAULT NULL,
  `district_id` int(11) DEFAULT NULL COMMENT 'danh cho tien ich',
  `created_user` tinyint(4) NOT NULL,
  `updated_user` tinyint(4) NOT NULL,
  `created_at` datetime NOT NULL,
  `updated_at` datetime NOT NULL
) ENGINE=InnoDB DEFAULT CHARSET=utf8 ROW_FORMAT=COMPACT;

-- --------------------------------------------------------

--
-- Table structure for table `tag_objects`
--

CREATE TABLE `tag_objects` (
  `object_id` int(20) NOT NULL,
  `tag_id` int(20) NOT NULL,
  `type` tinyint(4) NOT NULL COMMENT '1 : product, 2 : tin tuc',
  `object_type` tinyint(4) NOT NULL DEFAULT '1' COMMENT '1 : product, 2 : album, 3 : video , 4 : tin tức'
) ENGINE=InnoDB DEFAULT CHARSET=utf8;

-- --------------------------------------------------------

--
-- Table structure for table `text`
--

CREATE TABLE `text` (
  `id` int(11) NOT NULL,
  `text` text NOT NULL
) ENGINE=MyISAM DEFAULT CHARSET=utf8;

-- --------------------------------------------------------

--
-- Table structure for table `type_bds`
--

CREATE TABLE `type_bds` (
  `id` int(11) NOT NULL,
  `name` varchar(255) NOT NULL,
  `alias` varchar(255) NOT NULL,
  `type` tinyint(4) NOT NULL,
  `display_order` int(11) NOT NULL
) ENGINE=InnoDB DEFAULT CHARSET=utf8;

-- --------------------------------------------------------

--
-- Table structure for table `users`
--

CREATE TABLE `users` (
  `id` int(11) NOT NULL,
  `full_name` varchar(255) NOT NULL,
  `username` varchar(100) DEFAULT NULL,
  `email` varchar(255) NOT NULL,
  `phone` varchar(20) DEFAULT NULL,
  `address` varchar(500) DEFAULT NULL,
  `avatar` varchar(255) DEFAULT NULL,
  `password` varchar(255) NOT NULL,
  `type` enum('admin','member') NOT NULL DEFAULT 'admin' COMMENT 'admin or member',
  `role` tinyint(1) NOT NULL,
  `leader_id` int(11) DEFAULT NULL,
  `group_id` int(11) NOT NULL,
  `status` tinyint(1) NOT NULL DEFAULT '1',
  `changed_password` tinyint(1) NOT NULL DEFAULT '0',
  `remember_token` varchar(255) NOT NULL,
  `created_user` int(11) NOT NULL DEFAULT '0',
  `updated_user` int(11) NOT NULL DEFAULT '0',
  `created_at` datetime NOT NULL,
  `updated_at` datetime NOT NULL
) ENGINE=InnoDB DEFAULT CHARSET=utf8;

--
-- Dumping data for table `users`
--

INSERT INTO `users` (`id`, `full_name`, `username`, `email`, `phone`, `address`, `avatar`, `password`, `type`, `role`, `leader_id`, `group_id`, `status`, `changed_password`, `remember_token`, `created_user`, `updated_user`, `created_at`, `updated_at`) VALUES
(2, 'Super Admin', 'superadmin', 'superadmin@gmail.com', NULL, NULL, NULL, '$2y$10$iDdOWGaKaATi2Cv5jLE1DOQm4WrYmB4yb7veqto0lH6OjqFxoUDBS', 'admin', 1, NULL, 1, 1, 0, 'ejd9pexqGJ9LEqSum4z14IPP0eUcPYOj2vyacAPM3ZNwKDWo6xKhk05OVS9k', 1, 1, '2017-12-20 18:56:36', '2017-12-20 23:12:20');

-- --------------------------------------------------------

--
-- Table structure for table `video`
--

CREATE TABLE `video` (
  `id` int(11) NOT NULL,
  `name` varchar(255) NOT NULL,
  `youtube_id` varchar(100) NOT NULL,
  `display_order` int(11) NOT NULL,
  `status` tinyint(1) NOT NULL DEFAULT '1'
) ENGINE=InnoDB DEFAULT CHARSET=utf8;

-- --------------------------------------------------------

--
-- Table structure for table `ward`
--

CREATE TABLE `ward` (
  `id` int(11) NOT NULL,
  `name` varchar(255) CHARACTER SET utf8 NOT NULL,
  `slug` varchar(255) NOT NULL,
  `meta_id` int(11) DEFAULT NULL,
  `prefix` varchar(20) NOT NULL,
  `display_order` int(11) NOT NULL,
  `district_id` int(11) NOT NULL,
  `city_id` int(11) NOT NULL,
  `id_dothi` int(11) NOT NULL,
  `status` tinyint(1) NOT NULL DEFAULT '1',
  `created_at` datetime DEFAULT NULL,
  `updated_at` datetime DEFAULT NULL
) ENGINE=InnoDB DEFAULT CHARSET=utf16;

--
-- Dumping data for table `ward`
--

INSERT INTO `ward` (`id`, `name`, `slug`, `meta_id`, `prefix`, `display_order`, `district_id`, `city_id`, `id_dothi`, `status`, `created_at`, `updated_at`) VALUES
(1, ' Thạnh Mỹ Lợi', 'thanh-my-loi', NULL, 'Phường', 1, 2, 1, 121, 1, '2017-05-05 02:53:14', '2017-05-05 02:53:14'),
(2, 'An Khánh', 'an-khanh', NULL, 'Phường', 2, 2, 1, 116, 1, '2017-05-05 02:53:14', '2017-05-05 02:53:14'),
(3, 'An Lợi Đông', 'an-loi-dong', NULL, 'Phường', 3, 2, 1, 119, 1, '2017-05-05 02:53:14', '2017-05-05 02:53:14'),
(4, 'An Phú', 'an-phu', NULL, 'Phường', 4, 2, 1, 118, 1, '2017-05-05 02:53:14', '2017-05-05 02:53:14'),
(5, 'Bình An', 'binh-an', NULL, 'Phường', 5, 2, 1, 112, 1, '2017-05-05 02:53:14', '2017-05-05 02:53:14'),
(6, 'Bình Khánh', 'binh-khanh', NULL, 'Phường', 6, 2, 1, 113, 1, '2017-05-05 02:53:14', '2017-05-05 02:53:14'),
(7, 'Bình Trưng Đông', 'binh-trung-dong', NULL, 'Phường', 7, 2, 1, 115, 1, '2017-05-05 02:53:14', '2017-05-05 02:53:14'),
(8, 'Bình Trưng Tây', 'binh-trung-tay', NULL, 'Phường', 8, 2, 1, 114, 1, '2017-05-05 02:53:14', '2017-05-05 02:53:14'),
(9, 'Cát Lái', 'cat-lai', NULL, 'Phường', 9, 2, 1, 120, 1, '2017-05-05 02:53:14', '2017-05-05 02:53:14'),
(10, 'Thảo Điền', 'thao-dien', NULL, 'Phường', 10, 2, 1, 111, 1, '2017-05-05 02:53:14', '2017-05-05 02:53:14'),
(11, 'Thủ Thiêm', 'thu-thiem', NULL, 'Phường', 11, 2, 1, 117, 1, '2017-05-05 02:53:14', '2017-05-05 02:53:14'),
(12, 'Hiệp Phú', 'hiep-phu', NULL, 'Phường', 1, 9, 1, 5848, 1, '2017-05-05 02:53:14', '2017-05-05 02:53:14'),
(13, 'Long Bình', 'long-binh', NULL, 'Phường', 2, 9, 1, 5850, 1, '2017-05-05 02:53:14', '2017-05-05 02:53:14'),
(14, 'Long Phước', 'long-phuoc', NULL, 'Phường', 3, 9, 1, 5852, 1, '2017-05-05 02:53:14', '2017-05-05 02:53:14'),
(15, 'Long Thạnh Mỹ', 'long-thanh-my', NULL, 'Phường', 4, 9, 1, 5849, 1, '2017-05-05 02:53:14', '2017-05-05 02:53:14'),
(16, 'Long Trường', 'long-truong', NULL, 'Phường', 5, 9, 1, 5842, 1, '2017-05-05 02:53:14', '2017-05-05 02:53:14'),
(17, 'Phú Hữu', 'phu-huu', NULL, 'Phường', 6, 9, 1, 5853, 1, '2017-05-05 02:53:14', '2017-05-05 02:53:14'),
(18, 'Phước Bình', 'phuoc-binh', NULL, 'Phường', 7, 9, 1, 5845, 1, '2017-05-05 02:53:15', '2017-05-05 02:53:15'),
(19, 'Phước Long A', 'phuoc-long-a', NULL, 'Phường', 8, 9, 1, 5837, 1, '2017-05-05 02:53:15', '2017-05-05 02:53:15'),
(20, 'Phước Long B', 'phuoc-long-b', NULL, 'Phường', 9, 9, 1, 5838, 1, '2017-05-05 02:53:15', '2017-05-05 02:53:15'),
(21, 'Tân Phú', 'tan-phu', NULL, 'Phường', 10, 9, 1, 5846, 1, '2017-05-05 02:53:15', '2017-05-05 02:53:15'),
(22, 'Tăng Nhơn Phú A', 'tang-nhon-phu-a', NULL, 'Phường', 11, 9, 1, 5840, 1, '2017-05-05 02:53:15', '2017-05-05 02:53:15'),
(23, 'Tăng Nhơn Phú B', 'tang-nhon-phu-b', NULL, 'Phường', 12, 9, 1, 5841, 1, '2017-05-05 02:53:15', '2017-05-05 02:53:15'),
(24, 'Trường Thạnh', 'truong-thanh', NULL, 'Phường', 13, 9, 1, 5844, 1, '2017-05-05 02:53:15', '2017-05-05 02:53:15'),
(25, 'Bình Chiểu', 'binh-chieu', NULL, 'Phường', 1, 19, 1, 11895, 1, '2017-05-05 02:53:15', '2017-05-05 02:53:15'),
(26, 'Bình Thọ', 'binh-tho', NULL, 'Phường', 2, 19, 1, 11953, 1, '2017-05-05 02:53:15', '2017-05-05 02:53:15'),
(27, 'Hiệp Bình Chánh', 'hiep-binh-chanh', NULL, 'Phường', 3, 19, 1, 133, 1, '2017-05-05 02:53:15', '2017-05-05 02:53:15'),
(28, 'Hiệp Bình Phước', 'hiep-binh-phuoc', NULL, 'Phường', 4, 19, 1, 134, 1, '2017-05-05 02:53:15', '2017-05-05 02:53:15'),
(29, 'Linh Chiểu', 'linh-chieu', NULL, 'Phường', 5, 19, 1, 11916, 1, '2017-05-05 02:53:15', '2017-05-05 02:53:15'),
(30, 'Linh Đông', 'linh-dong', NULL, 'Phường', 6, 19, 1, 135, 1, '2017-05-05 02:53:15', '2017-05-05 02:53:15'),
(31, 'Linh Tây', 'linh-tay', NULL, 'Phường', 7, 19, 1, 11915, 1, '2017-05-05 02:53:15', '2017-05-05 02:53:15'),
(32, 'Linh Trung', 'linh-trung', NULL, 'Phường', 8, 19, 1, 136, 1, '2017-05-05 02:53:15', '2017-05-05 02:53:15'),
(33, 'Linh Xuân', 'linh-xuan', NULL, 'Phường', 9, 19, 1, 137, 1, '2017-05-05 02:53:15', '2017-05-05 02:53:15'),
(34, 'Tam Bình', 'tam-binh', NULL, 'Phường', 10, 19, 1, 138, 1, '2017-05-05 02:53:15', '2017-05-05 02:53:15'),
(35, 'Tam Phú', 'tam-phu', NULL, 'Phường', 11, 19, 1, 139, 1, '2017-05-05 02:53:15', '2017-05-05 02:53:15'),
(36, 'Trường Thọ', 'truong-tho', NULL, 'Phường', 12, 19, 1, 11845, 1, '2017-05-05 02:53:15', '2017-05-05 02:53:15'),
(37, 'Bến Nghé', 'ben-nghe', NULL, 'Phường', 1, 1, 1, 8633, 1, '2017-06-23 15:02:21', '2017-06-23 15:02:21'),
(38, 'Bến Thành', 'ben-thanh', NULL, 'Phường', 2, 1, 1, 8635, 1, '2017-06-23 15:02:21', '2017-06-23 15:02:21'),
(39, 'Cầu Kho', 'cau-kho', NULL, 'Phường', 3, 1, 1, 8637, 1, '2017-06-23 15:02:21', '2017-06-23 15:02:21'),
(40, 'Cầu Ông Lãnh', 'cau-ong-lanh', NULL, 'Phường', 4, 1, 1, 8638, 1, '2017-06-23 15:02:21', '2017-06-23 15:02:21'),
(41, 'Cô Giang', 'co-giang', NULL, 'Phường', 5, 1, 1, 8636, 1, '2017-06-23 15:02:21', '2017-06-23 15:02:21'),
(42, 'Đa Kao', 'da-kao', NULL, 'Phường', 6, 1, 1, 8640, 1, '2017-06-23 15:02:21', '2017-06-23 15:02:21'),
(43, 'Nguyễn Cư Trinh', 'nguyen-cu-trinh', NULL, 'Phường', 7, 1, 1, 8642, 1, '2017-06-23 15:02:21', '2017-06-23 15:02:21'),
(44, 'Nguyễn Thái Bình', 'nguyen-thai-binh', NULL, 'Phường', 8, 1, 1, 8641, 1, '2017-06-23 15:02:21', '2017-06-23 15:02:21'),
(45, 'Phạm Ngũ Lão', 'pham-ngu-lao', NULL, 'Phường', 9, 1, 1, 8644, 1, '2017-06-23 15:02:21', '2017-06-23 15:02:21'),
(46, 'Tân Định', 'tan-dinh', NULL, 'Phường', 10, 1, 1, 8646, 1, '2017-06-23 15:02:21', '2017-06-23 15:02:21'),
(47, '1', '1', NULL, 'Phường', 1, 3, 1, 8656, 1, '2017-06-23 15:03:33', '2017-06-23 15:03:33'),
(48, '10', '10', NULL, 'Phường', 2, 3, 1, 8666, 1, '2017-06-23 15:03:34', '2017-06-23 15:03:34'),
(49, '11', '11', NULL, 'Phường', 3, 3, 1, 8668, 1, '2017-06-23 15:03:34', '2017-06-23 15:03:34'),
(50, '12', '12', NULL, 'Phường', 4, 3, 1, 8669, 1, '2017-06-23 15:03:34', '2017-06-23 15:03:34'),
(51, '13', '13', NULL, 'Phường', 5, 3, 1, 8670, 1, '2017-06-23 15:03:34', '2017-06-23 15:03:34'),
(52, '14', '14', NULL, 'Phường', 6, 3, 1, 8671, 1, '2017-06-23 15:03:34', '2017-06-23 15:03:34'),
(53, '2', '2', NULL, 'Phường', 7, 3, 1, 8657, 1, '2017-06-23 15:03:34', '2017-06-23 15:03:34'),
(54, '3', '3', NULL, 'Phường', 8, 3, 1, 8658, 1, '2017-06-23 15:03:34', '2017-06-23 15:03:34'),
(55, '4', '4', NULL, 'Phường', 9, 3, 1, 8659, 1, '2017-06-23 15:03:34', '2017-06-23 15:03:34'),
(56, '5', '5', NULL, 'Phường', 10, 3, 1, 8660, 1, '2017-06-23 15:03:34', '2017-06-23 15:03:34'),
(57, '6', '6', NULL, 'Phường', 11, 3, 1, 8661, 1, '2017-06-23 15:03:34', '2017-06-23 15:03:34'),
(58, '7', '7', NULL, 'Phường', 12, 3, 1, 8662, 1, '2017-06-23 15:03:34', '2017-06-23 15:03:34'),
(59, '8', '8', NULL, 'Phường', 13, 3, 1, 8663, 1, '2017-06-23 15:03:34', '2017-06-23 15:03:34'),
(60, '9', '9', NULL, 'Phường', 14, 3, 1, 8664, 1, '2017-06-23 15:03:34', '2017-06-23 15:03:34'),
(61, '1', '1', NULL, 'Phường', 1, 4, 1, 95, 1, '2017-06-23 15:03:34', '2017-06-23 15:03:34'),
(62, '10', '10', NULL, 'Phường', 2, 4, 1, 102, 1, '2017-06-23 15:03:34', '2017-06-23 15:03:34'),
(63, '12', '12', NULL, 'Phường', 3, 4, 1, 103, 1, '2017-06-23 15:03:34', '2017-06-23 15:03:34'),
(64, '13', '13', NULL, 'Phường', 4, 4, 1, 104, 1, '2017-06-23 15:03:34', '2017-06-23 15:03:34'),
(65, '14', '14', NULL, 'Phường', 5, 4, 1, 106, 1, '2017-06-23 15:03:34', '2017-06-23 15:03:34'),
(66, '15', '15', NULL, 'Phường', 6, 4, 1, 107, 1, '2017-06-23 15:03:34', '2017-06-23 15:03:34'),
(67, '16', '16', NULL, 'Phường', 7, 4, 1, 108, 1, '2017-06-23 15:03:34', '2017-06-23 15:03:34'),
(68, '18', '18', NULL, 'Phường', 8, 4, 1, 110, 1, '2017-06-23 15:03:34', '2017-06-23 15:03:34'),
(69, '2', '2', NULL, 'Phường', 9, 4, 1, 96, 1, '2017-06-23 15:03:34', '2017-06-23 15:03:34'),
(70, '3', '3', NULL, 'Phường', 10, 4, 1, 97, 1, '2017-06-23 15:03:34', '2017-06-23 15:03:34'),
(71, '4', '4', NULL, 'Phường', 11, 4, 1, 98, 1, '2017-06-23 15:03:34', '2017-06-23 15:03:34'),
(72, '5', '5', NULL, 'Phường', 12, 4, 1, 99, 1, '2017-06-23 15:03:34', '2017-06-23 15:03:34'),
(73, '6', '6', NULL, 'Phường', 13, 4, 1, 100, 1, '2017-06-23 15:03:34', '2017-06-23 15:03:34'),
(74, '8', '8', NULL, 'Phường', 14, 4, 1, 101, 1, '2017-06-23 15:03:34', '2017-06-23 15:03:34'),
(75, '9', '9', NULL, 'Phường', 15, 4, 1, 11937, 1, '2017-06-23 15:03:34', '2017-06-23 15:03:34'),
(76, '1', '1', NULL, 'Phường', 1, 5, 1, 8693, 1, '2017-06-23 15:03:35', '2017-06-23 15:03:35'),
(77, '10', '10', NULL, 'Phường', 2, 5, 1, 11970, 1, '2017-06-23 15:03:35', '2017-06-23 15:03:35'),
(78, '11', '11', NULL, 'Phường', 3, 5, 1, 8704, 1, '2017-06-23 15:03:35', '2017-06-23 15:03:35'),
(79, '12', '12', NULL, 'Phường', 4, 5, 1, 8706, 1, '2017-06-23 15:03:35', '2017-06-23 15:03:35'),
(80, '13', '13', NULL, 'Phường', 5, 5, 1, 8707, 1, '2017-06-23 15:03:35', '2017-06-23 15:03:35'),
(81, '14', '14', NULL, 'Phường', 6, 5, 1, 8708, 1, '2017-06-23 15:03:35', '2017-06-23 15:03:35'),
(82, '15', '15', NULL, 'Phường', 7, 5, 1, 8709, 1, '2017-06-23 15:03:35', '2017-06-23 15:03:35'),
(83, '2', '2', NULL, 'Phường', 8, 5, 1, 8694, 1, '2017-06-23 15:03:35', '2017-06-23 15:03:35'),
(84, '3', '3', NULL, 'Phường', 9, 5, 1, 8695, 1, '2017-06-23 15:03:35', '2017-06-23 15:03:35'),
(85, '4', '4', NULL, 'Phường', 10, 5, 1, 8697, 1, '2017-06-23 15:03:35', '2017-06-23 15:03:35'),
(86, '5', '5', NULL, 'Phường', 11, 5, 1, 8698, 1, '2017-06-23 15:03:35', '2017-06-23 15:03:35'),
(87, '6', '6', NULL, 'Phường', 12, 5, 1, 8699, 1, '2017-06-23 15:03:35', '2017-06-23 15:03:35'),
(88, '7', '7', NULL, 'Phường', 13, 5, 1, 8701, 1, '2017-06-23 15:03:35', '2017-06-23 15:03:35'),
(89, '8', '8', NULL, 'Phường', 14, 5, 1, 8702, 1, '2017-06-23 15:03:35', '2017-06-23 15:03:35'),
(90, '9', '9', NULL, 'Phường', 15, 5, 1, 8703, 1, '2017-06-23 15:03:35', '2017-06-23 15:03:35'),
(91, '1', '1', NULL, 'Phường', 1, 6, 1, 8729, 1, '2017-06-23 15:03:35', '2017-06-23 15:03:35'),
(92, '10', '10', NULL, 'Phường', 2, 6, 1, 8742, 1, '2017-06-23 15:03:35', '2017-06-23 15:03:35'),
(93, '11', '11', NULL, 'Phường', 3, 6, 1, 8743, 1, '2017-06-23 15:03:35', '2017-06-23 15:03:35'),
(94, '12', '12', NULL, 'Phường', 4, 6, 1, 8745, 1, '2017-06-23 15:03:35', '2017-06-23 15:03:35'),
(95, '13', '13', NULL, 'Phường', 5, 6, 1, 8746, 1, '2017-06-23 15:03:35', '2017-06-23 15:03:35'),
(96, '14', '14', NULL, 'Phường', 6, 6, 1, 8747, 1, '2017-06-23 15:03:35', '2017-06-23 15:03:35'),
(97, '2', '2', NULL, 'Phường', 7, 6, 1, 8730, 1, '2017-06-23 15:03:35', '2017-06-23 15:03:35'),
(98, '3', '3', NULL, 'Phường', 8, 6, 1, 8732, 1, '2017-06-23 15:03:36', '2017-06-23 15:03:36'),
(99, '4', '4', NULL, 'Phường', 9, 6, 1, 8734, 1, '2017-06-23 15:03:36', '2017-06-23 15:03:36'),
(100, '5', '5', NULL, 'Phường', 10, 6, 1, 8735, 1, '2017-06-23 15:03:36', '2017-06-23 15:03:36'),
(101, '6', '6', NULL, 'Phường', 11, 6, 1, 8737, 1, '2017-06-23 15:03:36', '2017-06-23 15:03:36'),
(102, '7', '7', NULL, 'Phường', 12, 6, 1, 8739, 1, '2017-06-23 15:03:36', '2017-06-23 15:03:36'),
(103, '8', '8', NULL, 'Phường', 13, 6, 1, 8740, 1, '2017-06-23 15:03:36', '2017-06-23 15:03:36'),
(104, '9', '9', NULL, 'Phường', 14, 6, 1, 8741, 1, '2017-06-23 15:03:36', '2017-06-23 15:03:36'),
(105, 'Bình Thuận', 'binh-thuan', NULL, 'Phường', 1, 7, 1, 8753, 1, '2017-06-23 15:03:36', '2017-06-23 15:03:36'),
(106, 'Phú Mỹ', 'phu-my', NULL, 'Phường', 2, 7, 1, 8754, 1, '2017-06-23 15:03:36', '2017-06-23 15:03:36'),
(107, 'Phú Thuận', 'phu-thuan', NULL, 'Phường', 3, 7, 1, 8755, 1, '2017-06-23 15:03:36', '2017-06-23 15:03:36'),
(108, 'Tân Hưng', 'tan-hung', NULL, 'Phường', 4, 7, 1, 8759, 1, '2017-06-23 15:03:36', '2017-06-23 15:03:36'),
(109, 'Tân Kiểng', 'tan-kieng', NULL, 'Phường', 5, 7, 1, 8761, 1, '2017-06-23 15:03:36', '2017-06-23 15:03:36'),
(110, 'Tân Phong', 'tan-phong', NULL, 'Phường', 6, 7, 1, 8773, 1, '2017-06-23 15:03:36', '2017-06-23 15:03:36'),
(111, 'Tân Phú', 'tan-phu', NULL, 'Phường', 7, 7, 1, 8774, 1, '2017-06-23 15:03:36', '2017-06-23 15:03:36'),
(112, 'Tân Quy', 'tan-quy', NULL, 'Phường', 8, 7, 1, 11902, 1, '2017-06-23 15:03:36', '2017-06-23 15:03:36'),
(113, 'Tân Thuận Đông', 'tan-thuan-dong', NULL, 'Phường', 9, 7, 1, 8776, 1, '2017-06-23 15:03:36', '2017-06-23 15:03:36'),
(114, 'Tân Thuận Tây', 'tan-thuan-tay', NULL, 'Phường', 10, 7, 1, 8778, 1, '2017-06-23 15:03:36', '2017-06-23 15:03:36'),
(115, '1', '1', NULL, 'Phường', 1, 8, 1, 8780, 1, '2017-06-23 15:03:37', '2017-06-23 15:03:37'),
(116, '10', '10', NULL, 'Phường', 2, 8, 1, 8790, 1, '2017-06-23 15:03:37', '2017-06-23 15:03:37'),
(117, '11', '11', NULL, 'Phường', 3, 8, 1, 8791, 1, '2017-06-23 15:03:37', '2017-06-23 15:03:37'),
(118, '12', '12', NULL, 'Phường', 4, 8, 1, 8792, 1, '2017-06-23 15:03:37', '2017-06-23 15:03:37'),
(119, '13', '13', NULL, 'Phường', 5, 8, 1, 8793, 1, '2017-06-23 15:03:37', '2017-06-23 15:03:37'),
(120, '14', '14', NULL, 'Phường', 6, 8, 1, 8794, 1, '2017-06-23 15:03:37', '2017-06-23 15:03:37'),
(121, '15', '15', NULL, 'Phường', 7, 8, 1, 8795, 1, '2017-06-23 15:03:37', '2017-06-23 15:03:37'),
(122, '16', '16', NULL, 'Phường', 8, 8, 1, 8796, 1, '2017-06-23 15:03:37', '2017-06-23 15:03:37'),
(123, '2', '2', NULL, 'Phường', 9, 8, 1, 8781, 1, '2017-06-23 15:03:37', '2017-06-23 15:03:37'),
(124, '3', '3', NULL, 'Phường', 10, 8, 1, 8782, 1, '2017-06-23 15:03:37', '2017-06-23 15:03:37'),
(125, '4', '4', NULL, 'Phường', 11, 8, 1, 8783, 1, '2017-06-23 15:03:37', '2017-06-23 15:03:37'),
(126, '5', '5', NULL, 'Phường', 12, 8, 1, 8784, 1, '2017-06-23 15:03:37', '2017-06-23 15:03:37'),
(127, '6', '6', NULL, 'Phường', 13, 8, 1, 8785, 1, '2017-06-23 15:03:37', '2017-06-23 15:03:37'),
(128, '7', '7', NULL, 'Phường', 14, 8, 1, 8786, 1, '2017-06-23 15:03:37', '2017-06-23 15:03:37'),
(129, '8', '8', NULL, 'Phường', 15, 8, 1, 8788, 1, '2017-06-23 15:03:37', '2017-06-23 15:03:37'),
(130, '9', '9', NULL, 'Phường', 16, 8, 1, 8789, 1, '2017-06-23 15:03:37', '2017-06-23 15:03:37'),
(131, '1', '1', NULL, 'Phường', 1, 10, 1, 8803, 1, '2017-06-23 15:03:37', '2017-06-23 15:03:37'),
(132, '10', '10', NULL, 'Phường', 2, 10, 1, 8813, 1, '2017-06-23 15:03:37', '2017-06-23 15:03:37'),
(133, '11', '11', NULL, 'Phường', 3, 10, 1, 8814, 1, '2017-06-23 15:03:37', '2017-06-23 15:03:37'),
(134, '12', '12', NULL, 'Phường', 4, 10, 1, 8815, 1, '2017-06-23 15:03:37', '2017-06-23 15:03:37'),
(135, '13', '13', NULL, 'Phường', 5, 10, 1, 8816, 1, '2017-06-23 15:03:37', '2017-06-23 15:03:37'),
(136, '14', '14', NULL, 'Phường', 6, 10, 1, 8817, 1, '2017-06-23 15:03:38', '2017-06-23 15:03:38'),
(137, '15', '15', NULL, 'Phường', 7, 10, 1, 8818, 1, '2017-06-23 15:03:38', '2017-06-23 15:03:38'),
(138, '2', '2', NULL, 'Phường', 8, 10, 1, 8804, 1, '2017-06-23 15:03:38', '2017-06-23 15:03:38'),
(139, '3', '3', NULL, 'Phường', 9, 10, 1, 8805, 1, '2017-06-23 15:03:38', '2017-06-23 15:03:38'),
(140, '4', '4', NULL, 'Phường', 10, 10, 1, 8806, 1, '2017-06-23 15:03:38', '2017-06-23 15:03:38'),
(141, '5', '5', NULL, 'Phường', 11, 10, 1, 8807, 1, '2017-06-23 15:03:38', '2017-06-23 15:03:38'),
(142, '6', '6', NULL, 'Phường', 12, 10, 1, 8808, 1, '2017-06-23 15:03:38', '2017-06-23 15:03:38'),
(143, '7', '7', NULL, 'Phường', 13, 10, 1, 8809, 1, '2017-06-23 15:03:38', '2017-06-23 15:03:38'),
(144, '8', '8', NULL, 'Phường', 14, 10, 1, 8810, 1, '2017-06-23 15:03:38', '2017-06-23 15:03:38'),
(145, '9', '9', NULL, 'Phường', 15, 10, 1, 8811, 1, '2017-06-23 15:03:38', '2017-06-23 15:03:38'),
(146, '1', '1', NULL, 'Phường', 1, 11, 1, 8833, 1, '2017-06-23 15:03:38', '2017-06-23 15:03:38'),
(147, '10', '10', NULL, 'Phường', 2, 11, 1, 8842, 1, '2017-06-23 15:03:38', '2017-06-23 15:03:38'),
(148, '11', '11', NULL, 'Phường', 3, 11, 1, 8843, 1, '2017-06-23 15:03:38', '2017-06-23 15:03:38'),
(149, '12', '12', NULL, 'Phường', 4, 11, 1, 8844, 1, '2017-06-23 15:03:38', '2017-06-23 15:03:38'),
(150, '13', '13', NULL, 'Phường', 5, 11, 1, 8845, 1, '2017-06-23 15:03:38', '2017-06-23 15:03:38'),
(151, '14', '14', NULL, 'Phường', 6, 11, 1, 8846, 1, '2017-06-23 15:03:38', '2017-06-23 15:03:38'),
(152, '15', '15', NULL, 'Phường', 7, 11, 1, 8847, 1, '2017-06-23 15:03:38', '2017-06-23 15:03:38'),
(153, '16', '16', NULL, 'Phường', 8, 11, 1, 8848, 1, '2017-06-23 15:03:38', '2017-06-23 15:03:38'),
(154, '2', '2', NULL, 'Phường', 9, 11, 1, 8834, 1, '2017-06-23 15:03:38', '2017-06-23 15:03:38'),
(155, '3', '3', NULL, 'Phường', 10, 11, 1, 8835, 1, '2017-06-23 15:03:38', '2017-06-23 15:03:38'),
(156, '4', '4', NULL, 'Phường', 11, 11, 1, 8836, 1, '2017-06-23 15:03:38', '2017-06-23 15:03:38'),
(157, '5', '5', NULL, 'Phường', 12, 11, 1, 8837, 1, '2017-06-23 15:03:38', '2017-06-23 15:03:38'),
(158, '6', '6', NULL, 'Phường', 13, 11, 1, 8838, 1, '2017-06-23 15:03:38', '2017-06-23 15:03:38'),
(159, '7', '7', NULL, 'Phường', 14, 11, 1, 8839, 1, '2017-06-23 15:03:38', '2017-06-23 15:03:38'),
(160, '8', '8', NULL, 'Phường', 15, 11, 1, 8840, 1, '2017-06-23 15:03:38', '2017-06-23 15:03:38'),
(161, '9', '9', NULL, 'Phường', 16, 11, 1, 8841, 1, '2017-06-23 15:03:38', '2017-06-23 15:03:38'),
(162, 'An Phú Đông', 'an-phu-dong', NULL, 'Phường', 1, 12, 1, 8857, 1, '2017-06-23 15:03:39', '2017-06-23 15:03:39'),
(163, 'Đông Hưng Thuận', 'dong-hung-thuan', NULL, 'Phường', 2, 12, 1, 8861, 1, '2017-06-23 15:03:39', '2017-06-23 15:03:39'),
(164, 'Hiệp Thành', 'hiep-thanh', NULL, 'Phường', 3, 12, 1, 8851, 1, '2017-06-23 15:03:39', '2017-06-23 15:03:39'),
(165, 'Tân Chánh Hiệp', 'tan-chanh-hiep', NULL, 'Phường', 4, 12, 1, 8855, 1, '2017-06-23 15:03:39', '2017-06-23 15:03:39'),
(166, 'Tân Hưng Thuận', 'tan-hung-thuan', NULL, 'Phường', 5, 12, 1, 8862, 1, '2017-06-23 15:03:39', '2017-06-23 15:03:39'),
(167, 'Tân Thới Hiệp', 'tan-thoi-hiep', NULL, 'Phường', 6, 12, 1, 8856, 1, '2017-06-23 15:03:39', '2017-06-23 15:03:39'),
(168, 'Tân Thới Nhất', 'tan-thoi-nhat', NULL, 'Phường', 7, 12, 1, 8859, 1, '2017-06-23 15:03:39', '2017-06-23 15:03:39'),
(169, 'Thạnh Lộc', 'thanh-loc', NULL, 'Phường', 8, 12, 1, 8854, 1, '2017-06-23 15:03:39', '2017-06-23 15:03:39'),
(170, 'Thạnh Xuân', 'thanh-xuan', NULL, 'Phường', 9, 12, 1, 205, 1, '2017-06-23 15:03:39', '2017-06-23 15:03:39'),
(171, 'Thới An', 'thoi-an', NULL, 'Phường', 10, 12, 1, 8853, 1, '2017-06-23 15:03:39', '2017-06-23 15:03:39'),
(172, 'Trung Mỹ Tây', 'trung-my-tay', NULL, 'Phường', 11, 12, 1, 8858, 1, '2017-06-23 15:03:39', '2017-06-23 15:03:39'),
(173, 'An Lạc', 'an-lac', NULL, 'Phường', 1, 13, 1, 8866, 1, '2017-06-23 15:04:35', '2017-06-23 15:04:35'),
(174, 'An Lạc A', 'an-lac-a', NULL, 'Phường', 2, 13, 1, 8867, 1, '2017-06-23 15:04:35', '2017-06-23 15:04:35'),
(175, 'Bình Hưng Hòa', 'binh-hung-hoa', NULL, 'Phường', 3, 13, 1, 8868, 1, '2017-06-23 15:04:35', '2017-06-23 15:04:35'),
(176, 'Bình Hưng Hòa A', 'binh-hung-hoa-a', NULL, 'Phường', 4, 13, 1, 8869, 1, '2017-06-23 15:04:35', '2017-06-23 15:04:35'),
(177, 'Bình Hưng Hòa B', 'binh-hung-hoa-b', NULL, 'Phường', 5, 13, 1, 8870, 1, '2017-06-23 15:04:35', '2017-06-23 15:04:35'),
(178, 'Bình Trị Đông', 'binh-tri-dong', NULL, 'Phường', 6, 13, 1, 8871, 1, '2017-06-23 15:04:35', '2017-06-23 15:04:35'),
(179, 'Bình Trị Đông A', 'binh-tri-dong-a', NULL, 'Phường', 7, 13, 1, 8872, 1, '2017-06-23 15:04:35', '2017-06-23 15:04:35'),
(180, 'Bình Trị Đông B', 'binh-tri-dong-b', NULL, 'Phường', 8, 13, 1, 8873, 1, '2017-06-23 15:04:36', '2017-06-23 15:04:36'),
(181, 'Tân Tạo', 'tan-tao', NULL, 'Phường', 9, 13, 1, 12010, 1, '2017-06-23 15:04:36', '2017-06-23 15:04:36'),
(182, 'Tân Tạo A', 'tan-tao-a', NULL, 'Phường', 10, 13, 1, 8875, 1, '2017-06-23 15:04:36', '2017-06-23 15:04:36'),
(183, '1', '1', NULL, 'Phường', 1, 14, 1, 8881, 1, '2017-06-23 15:04:37', '2017-06-23 15:04:37'),
(184, '11', '11', NULL, 'Phường', 2, 14, 1, 8889, 1, '2017-06-23 15:04:37', '2017-06-23 15:04:37'),
(185, '12', '12', NULL, 'Phường', 3, 14, 1, 8890, 1, '2017-06-23 15:04:37', '2017-06-23 15:04:37'),
(186, '13', '13', NULL, 'Phường', 4, 14, 1, 8891, 1, '2017-06-23 15:04:37', '2017-06-23 15:04:37'),
(187, '14', '14', NULL, 'Phường', 5, 14, 1, 8892, 1, '2017-06-23 15:04:37', '2017-06-23 15:04:37'),
(188, '15', '15', NULL, 'Phường', 6, 14, 1, 8893, 1, '2017-06-23 15:04:37', '2017-06-23 15:04:37'),
(189, '17', '17', NULL, 'Phường', 7, 14, 1, 8894, 1, '2017-06-23 15:04:37', '2017-06-23 15:04:37'),
(190, '19', '19', NULL, 'Phường', 8, 14, 1, 8895, 1, '2017-06-23 15:04:37', '2017-06-23 15:04:37'),
(191, '2', '2', NULL, 'Phường', 9, 14, 1, 8883, 1, '2017-06-23 15:04:37', '2017-06-23 15:04:37'),
(192, '21', '21', NULL, 'Phường', 10, 14, 1, 8897, 1, '2017-06-23 15:04:37', '2017-06-23 15:04:37'),
(193, '22', '22', NULL, 'Phường', 11, 14, 1, 8898, 1, '2017-06-23 15:04:37', '2017-06-23 15:04:37'),
(194, '24', '24', NULL, 'Phường', 12, 14, 1, 8899, 1, '2017-06-23 15:04:37', '2017-06-23 15:04:37'),
(195, '25', '25', NULL, 'Phường', 13, 14, 1, 8900, 1, '2017-06-23 15:04:37', '2017-06-23 15:04:37'),
(196, '26', '26', NULL, 'Phường', 14, 14, 1, 8901, 1, '2017-06-23 15:04:37', '2017-06-23 15:04:37'),
(197, '27', '27', NULL, 'Phường', 15, 14, 1, 8902, 1, '2017-06-23 15:04:37', '2017-06-23 15:04:37'),
(198, '28', '28', NULL, 'Phường', 16, 14, 1, 8903, 1, '2017-06-23 15:04:37', '2017-06-23 15:04:37'),
(199, '3', '3', NULL, 'Phường', 17, 14, 1, 8884, 1, '2017-06-23 15:04:37', '2017-06-23 15:04:37'),
(200, '5', '5', NULL, 'Phường', 18, 14, 1, 8885, 1, '2017-06-23 15:04:37', '2017-06-23 15:04:37'),
(201, '6', '6', NULL, 'Phường', 19, 14, 1, 8886, 1, '2017-06-23 15:04:37', '2017-06-23 15:04:37'),
(202, '7', '7', NULL, 'Phường', 20, 14, 1, 8887, 1, '2017-06-23 15:04:37', '2017-06-23 15:04:37'),
(203, '1', '1', NULL, 'Phường', 1, 15, 1, 8934, 1, '2017-06-23 15:04:37', '2017-06-23 15:04:37'),
(204, '10', '10', NULL, 'Phường', 2, 15, 1, 8942, 1, '2017-06-23 15:04:37', '2017-06-23 15:04:37'),
(205, '11', '11', NULL, 'Phường', 3, 15, 1, 8943, 1, '2017-06-23 15:04:37', '2017-06-23 15:04:37'),
(206, '12', '12', NULL, 'Phường', 4, 15, 1, 8945, 1, '2017-06-23 15:04:38', '2017-06-23 15:04:38'),
(207, '13', '13', NULL, 'Phường', 5, 15, 1, 8946, 1, '2017-06-23 15:04:38', '2017-06-23 15:04:38'),
(208, '14', '14', NULL, 'Phường', 6, 15, 1, 8947, 1, '2017-06-23 15:04:38', '2017-06-23 15:04:38'),
(209, '15', '15', NULL, 'Phường', 7, 15, 1, 8948, 1, '2017-06-23 15:04:38', '2017-06-23 15:04:38'),
(210, '16', '16', NULL, 'Phường', 8, 15, 1, 8950, 1, '2017-06-23 15:04:38', '2017-06-23 15:04:38'),
(211, '17', '17', NULL, 'Phường', 9, 15, 1, 8949, 1, '2017-06-23 15:04:38', '2017-06-23 15:04:38'),
(212, '3', '3', NULL, 'Phường', 10, 15, 1, 8935, 1, '2017-06-23 15:04:38', '2017-06-23 15:04:38'),
(213, '4', '4', NULL, 'Phường', 11, 15, 1, 8936, 1, '2017-06-23 15:04:38', '2017-06-23 15:04:38'),
(214, '5', '5', NULL, 'Phường', 12, 15, 1, 8938, 1, '2017-06-23 15:04:38', '2017-06-23 15:04:38'),
(215, '6', '6', NULL, 'Phường', 13, 15, 1, 8937, 1, '2017-06-23 15:04:38', '2017-06-23 15:04:38'),
(216, '7', '7', NULL, 'Phường', 14, 15, 1, 8939, 1, '2017-06-23 15:04:38', '2017-06-23 15:04:38'),
(217, '8', '8', NULL, 'Phường', 15, 15, 1, 8940, 1, '2017-06-23 15:04:38', '2017-06-23 15:04:38'),
(218, '9', '9', NULL, 'Phường', 16, 15, 1, 8941, 1, '2017-06-23 15:04:38', '2017-06-23 15:04:38'),
(219, '1', '1', NULL, 'Phường', 1, 16, 1, 8955, 1, '2017-06-23 15:04:38', '2017-06-23 15:04:38'),
(220, '10', '10', NULL, 'Phường', 2, 16, 1, 8965, 1, '2017-06-23 15:04:38', '2017-06-23 15:04:38'),
(221, '11', '11', NULL, 'Phường', 3, 16, 1, 8967, 1, '2017-06-23 15:04:38', '2017-06-23 15:04:38'),
(222, '12', '12', NULL, 'Phường', 4, 16, 1, 8968, 1, '2017-06-23 15:04:38', '2017-06-23 15:04:38'),
(223, '13', '13', NULL, 'Phường', 5, 16, 1, 8969, 1, '2017-06-23 15:04:38', '2017-06-23 15:04:38'),
(224, '14', '14', NULL, 'Phường', 6, 16, 1, 8970, 1, '2017-06-23 15:04:38', '2017-06-23 15:04:38'),
(225, '15', '15', NULL, 'Phường', 7, 16, 1, 8971, 1, '2017-06-23 15:04:38', '2017-06-23 15:04:38'),
(226, '17', '17', NULL, 'Phường', 8, 16, 1, 8972, 1, '2017-06-23 15:04:38', '2017-06-23 15:04:38'),
(227, '2', '2', NULL, 'Phường', 9, 16, 1, 8956, 1, '2017-06-23 15:04:38', '2017-06-23 15:04:38'),
(228, '25', '25', NULL, 'Phường', 10, 16, 1, 12151, 1, '2017-06-23 15:04:38', '2017-06-23 15:04:38'),
(229, '3', '3', NULL, 'Phường', 11, 16, 1, 8958, 1, '2017-06-23 15:04:38', '2017-06-23 15:04:38'),
(230, '4', '4', NULL, 'Phường', 12, 16, 1, 8959, 1, '2017-06-23 15:04:38', '2017-06-23 15:04:38'),
(231, '5', '5', NULL, 'Phường', 13, 16, 1, 8960, 1, '2017-06-23 15:04:38', '2017-06-23 15:04:38'),
(232, '6', '6', NULL, 'Phường', 14, 16, 1, 12237, 1, '2017-06-23 15:04:38', '2017-06-23 15:04:38'),
(233, '7', '7', NULL, 'Phường', 15, 16, 1, 8962, 1, '2017-06-23 15:04:38', '2017-06-23 15:04:38'),
(234, '8', '8', NULL, 'Phường', 16, 16, 1, 8963, 1, '2017-06-23 15:04:38', '2017-06-23 15:04:38'),
(235, '9', '9', NULL, 'Phường', 17, 16, 1, 8964, 1, '2017-06-23 15:04:38', '2017-06-23 15:04:38'),
(236, '1', '1', NULL, 'Phường', 1, 17, 1, 8975, 1, '2017-06-23 15:04:39', '2017-06-23 15:04:39'),
(237, '10', '10', NULL, 'Phường', 2, 17, 1, 8985, 1, '2017-06-23 15:04:39', '2017-06-23 15:04:39'),
(238, '11', '11', NULL, 'Phường', 3, 17, 1, 8986, 1, '2017-06-23 15:04:39', '2017-06-23 15:04:39'),
(239, '12', '12', NULL, 'Phường', 4, 17, 1, 8987, 1, '2017-06-23 15:04:39', '2017-06-23 15:04:39'),
(240, '13', '13', NULL, 'Phường', 5, 17, 1, 8989, 1, '2017-06-23 15:04:39', '2017-06-23 15:04:39'),
(241, '14', '14', NULL, 'Phường', 6, 17, 1, 8990, 1, '2017-06-23 15:04:39', '2017-06-23 15:04:39'),
(242, '15', '15', NULL, 'Phường', 7, 17, 1, 8991, 1, '2017-06-23 15:04:39', '2017-06-23 15:04:39'),
(243, '2', '2', NULL, 'Phường', 8, 17, 1, 8976, 1, '2017-06-23 15:04:39', '2017-06-23 15:04:39'),
(244, '3', '3', NULL, 'Phường', 9, 17, 1, 8977, 1, '2017-06-23 15:04:39', '2017-06-23 15:04:39'),
(245, '4', '4', NULL, 'Phường', 10, 17, 1, 8978, 1, '2017-06-23 15:04:39', '2017-06-23 15:04:39'),
(246, '5', '5', NULL, 'Phường', 11, 17, 1, 8979, 1, '2017-06-23 15:04:39', '2017-06-23 15:04:39'),
(247, '6', '6', NULL, 'Phường', 12, 17, 1, 8980, 1, '2017-06-23 15:04:39', '2017-06-23 15:04:39'),
(248, '7', '7', NULL, 'Phường', 13, 17, 1, 8982, 1, '2017-06-23 15:04:40', '2017-06-23 15:04:40'),
(249, '8', '8', NULL, 'Phường', 14, 17, 1, 8983, 1, '2017-06-23 15:04:40', '2017-06-23 15:04:40'),
(250, '9', '9', NULL, 'Phường', 15, 17, 1, 8984, 1, '2017-06-23 15:04:40', '2017-06-23 15:04:40'),
(251, 'Hiệp Tân', 'hiep-tan', NULL, 'Phường', 1, 18, 1, 201, 1, '2017-06-23 15:04:41', '2017-06-23 15:04:41'),
(252, 'Hòa Thạnh', 'hoa-thanh', NULL, 'Phường', 2, 18, 1, 200, 1, '2017-06-23 15:04:41', '2017-06-23 15:04:41'),
(253, 'Phú Thạnh', 'phu-thanh', NULL, 'Phường', 3, 18, 1, 198, 1, '2017-06-23 15:04:41', '2017-06-23 15:04:41'),
(254, 'Phú Thọ Hòa', 'phu-tho-hoa', NULL, 'Phường', 4, 18, 1, 197, 1, '2017-06-23 15:04:41', '2017-06-23 15:04:41'),
(255, 'Phú Trung', 'phu-trung', NULL, 'Phường', 5, 18, 1, 199, 1, '2017-06-23 15:04:41', '2017-06-23 15:04:41'),
(256, 'Sơn Kỳ', 'son-ky', NULL, 'Phường', 6, 18, 1, 194, 1, '2017-06-23 15:04:41', '2017-06-23 15:04:41'),
(257, 'Tân Quý', 'tan-quy', NULL, 'Phường', 7, 18, 1, 195, 1, '2017-06-23 15:04:41', '2017-06-23 15:04:41'),
(258, 'Tân Sơn Nhì', 'tan-son-nhi', NULL, 'Phường', 8, 18, 1, 192, 1, '2017-06-23 15:04:41', '2017-06-23 15:04:41'),
(259, 'Tân Thành', 'tan-thanh', NULL, 'Phường', 9, 18, 1, 196, 1, '2017-06-23 15:04:41', '2017-06-23 15:04:41'),
(260, 'Tân Thới Hòa', 'tan-thoi-hoa', NULL, 'Phường', 10, 18, 1, 203, 1, '2017-06-23 15:04:41', '2017-06-23 15:04:41'),
(261, 'Tây Thạnh', 'tay-thanh', NULL, 'Phường', 11, 18, 1, 193, 1, '2017-06-23 15:04:41', '2017-06-23 15:04:41'),
(262, 'An Phú Tây', 'an-phu-tay', NULL, 'Xã', 1, 20, 1, 11848, 1, '2017-06-23 15:05:28', '2017-06-23 15:05:28'),
(263, 'Bình Chánh', 'binh-chanh', NULL, 'Xã', 2, 20, 1, 11849, 1, '2017-06-23 15:05:29', '2017-06-23 15:05:29'),
(264, 'Bình Hưng', 'binh-hung', NULL, 'Xã', 3, 20, 1, 11850, 1, '2017-06-23 15:05:29', '2017-06-23 15:05:29'),
(265, 'Bình Lợi', 'binh-loi', NULL, 'Xã', 4, 20, 1, 11851, 1, '2017-06-23 15:05:29', '2017-06-23 15:05:29'),
(266, 'Đa Phước', 'da-phuoc', NULL, 'Xã', 5, 20, 1, 11852, 1, '2017-06-23 15:05:29', '2017-06-23 15:05:29'),
(267, 'Hưng Long', 'hung-long', NULL, 'Xã', 6, 20, 1, 11854, 1, '2017-06-23 15:05:29', '2017-06-23 15:05:29'),
(268, 'Lê Minh Xuân', 'le-minh-xuan', NULL, 'Xã', 7, 20, 1, 11855, 1, '2017-06-23 15:05:29', '2017-06-23 15:05:29'),
(269, 'Phạm Văn Hai', 'pham-van-hai', NULL, 'Xã', 8, 20, 1, 11856, 1, '2017-06-23 15:05:29', '2017-06-23 15:05:29'),
(270, 'Phong Phú', 'phong-phu', NULL, 'Xã', 9, 20, 1, 11857, 1, '2017-06-23 15:05:29', '2017-06-23 15:05:29'),
(271, 'Quy Đức', 'quy-duc', NULL, 'Xã', 10, 20, 1, 11858, 1, '2017-06-23 15:05:29', '2017-06-23 15:05:29'),
(272, 'Tân Kiên', 'tan-kien', NULL, 'Xã', 11, 20, 1, 11859, 1, '2017-06-23 15:05:29', '2017-06-23 15:05:29'),
(273, 'Tân Nhựt', 'tan-nhut', NULL, 'Xã', 12, 20, 1, 11860, 1, '2017-06-23 15:05:29', '2017-06-23 15:05:29'),
(274, 'Tân Quý Tây', 'tan-quy-tay', NULL, 'Xã', 13, 20, 1, 11861, 1, '2017-06-23 15:05:29', '2017-06-23 15:05:29'),
(275, 'Tân Túc', 'tan-tuc', NULL, 'Thị trấn', 14, 20, 1, 11847, 1, '2017-06-23 15:05:29', '2017-06-23 15:05:29'),
(276, 'Vĩnh Lộc A', 'vinh-loc-a', NULL, 'Xã', 15, 20, 1, 11862, 1, '2017-06-23 15:05:29', '2017-06-23 15:05:29'),
(277, 'Vĩnh Lộc B', 'vinh-loc-b', NULL, 'Xã', 16, 20, 1, 11863, 1, '2017-06-23 15:05:29', '2017-06-23 15:05:29'),
(278, 'An Thới Đông', 'an-thoi-dong', NULL, 'Xã', 1, 21, 1, 146, 1, '2017-06-23 15:05:30', '2017-06-23 15:05:30'),
(279, 'Bình Khánh', 'binh-khanh', NULL, 'Xã', 2, 21, 1, 145, 1, '2017-06-23 15:05:30', '2017-06-23 15:05:30'),
(280, 'Cần Thạnh ', 'can-thanh', NULL, 'Phường', 3, 21, 1, 144, 1, '2017-06-23 15:05:30', '2017-06-23 15:05:30'),
(281, 'Long Hòa', 'long-hoa', NULL, 'Xã', 4, 21, 1, 149, 1, '2017-06-23 15:05:30', '2017-06-23 15:05:30'),
(282, 'Lý Nhơn', 'ly-nhon', NULL, 'Xã', 5, 21, 1, 147, 1, '2017-06-23 15:05:30', '2017-06-23 15:05:30'),
(283, 'Tam Thôn Hiệp', 'tam-thon-hiep', NULL, 'Xã', 6, 21, 1, 148, 1, '2017-06-23 15:05:30', '2017-06-23 15:05:30'),
(284, 'Thạnh An', 'thanh-an', NULL, 'Xã', 7, 21, 1, 150, 1, '2017-06-23 15:05:30', '2017-06-23 15:05:30'),
(285, 'An Nhơn Tây', 'an-nhon-tay', NULL, 'Xã', 1, 22, 1, 159, 1, '2017-06-23 15:05:30', '2017-06-23 15:05:30'),
(286, 'An Phú', 'an-phu', NULL, 'Xã', 2, 22, 1, 156, 1, '2017-06-23 15:05:30', '2017-06-23 15:05:30'),
(287, 'An Phú Trung', 'an-phu-trung', NULL, 'Xã', 3, 22, 1, 12015, 1, '2017-06-23 15:05:30', '2017-06-23 15:05:30'),
(288, 'Bình Mỹ', 'binh-my', NULL, 'Xã', 4, 22, 1, 153, 1, '2017-06-23 15:05:30', '2017-06-23 15:05:30'),
(289, 'Củ Chi', 'cu-chi', NULL, 'Thị trấn', 5, 22, 1, 12122, 1, '2017-06-23 15:05:30', '2017-06-23 15:05:30'),
(290, 'Hòa Phú', 'hoa-phu', NULL, 'Xã', 6, 22, 1, 162, 1, '2017-06-23 15:05:30', '2017-06-23 15:05:30'),
(291, 'Nhuận Đức', 'nhuan-duc', NULL, 'Xã', 7, 22, 1, 155, 1, '2017-06-23 15:05:30', '2017-06-23 15:05:30'),
(292, 'Phạm Văn Cội', 'pham-van-coi', NULL, 'Xã', 8, 22, 1, 154, 1, '2017-06-23 15:05:30', '2017-06-23 15:05:30'),
(293, 'Phú Hòa Đông', 'phu-hoa-dong', NULL, 'Xã', 9, 22, 1, 170, 1, '2017-06-23 15:05:30', '2017-06-23 15:05:30'),
(294, 'Phú Mỹ Hưng', 'phu-my-hung', NULL, 'Xã', 10, 22, 1, 157, 1, '2017-06-23 15:05:30', '2017-06-23 15:05:30'),
(295, 'Phước Hiệp', 'phuoc-hiep', NULL, 'Xã', 11, 22, 1, 152, 1, '2017-06-23 15:05:30', '2017-06-23 15:05:30'),
(296, 'Phước Thạnh', 'phuoc-thanh', NULL, 'Xã', 12, 22, 1, 160, 1, '2017-06-23 15:05:30', '2017-06-23 15:05:30'),
(297, 'Phước Vĩnh An', 'phuoc-vinh-an', NULL, 'Xã', 13, 22, 1, 163, 1, '2017-06-23 15:05:30', '2017-06-23 15:05:30'),
(298, 'Tân An Hội', 'tan-an-hoi', NULL, 'Xã', 14, 22, 1, 167, 1, '2017-06-23 15:05:30', '2017-06-23 15:05:30'),
(299, 'Tân Phú Trung', 'tan-phu-trung', NULL, 'Xã', 15, 22, 1, 165, 1, '2017-06-23 15:05:30', '2017-06-23 15:05:30'),
(300, 'Tân Thạnh Đông', 'tan-thanh-dong', NULL, 'Xã', 16, 22, 1, 169, 1, '2017-06-23 15:05:30', '2017-06-23 15:05:30'),
(301, 'Tân Thạnh Tây', 'tan-thanh-tay', NULL, 'Xã', 17, 22, 1, 168, 1, '2017-06-23 15:05:31', '2017-06-23 15:05:31'),
(302, 'Tân Thông Hội', 'tan-thong-hoi', NULL, 'Xã', 18, 22, 1, 11894, 1, '2017-06-23 15:05:31', '2017-06-23 15:05:31'),
(303, 'Thái Mỹ', 'thai-my', NULL, 'Xã', 19, 22, 1, 161, 1, '2017-06-23 15:05:31', '2017-06-23 15:05:31'),
(304, 'Trung An', 'trung-an', NULL, 'Xã', 20, 22, 1, 164, 1, '2017-06-23 15:05:31', '2017-06-23 15:05:31'),
(305, 'Trung Lập Hạ', 'trung-lap-ha', NULL, 'Xã', 21, 22, 1, 12155, 1, '2017-06-23 15:05:31', '2017-06-23 15:05:31'),
(306, 'Trung Lập Hạ', 'trung-lap-ha', NULL, 'Xã', 22, 22, 1, 151, 1, '2017-06-23 15:05:31', '2017-06-23 15:05:31'),
(307, 'Trung Lập Thượng', 'trung-lap-thuong', NULL, 'Xã', 23, 22, 1, 158, 1, '2017-06-23 15:05:31', '2017-06-23 15:05:31'),
(308, ' Đông Thạnh', 'dong-thanh', NULL, 'Xã', 1, 23, 1, 176, 1, '2017-06-23 15:05:31', '2017-06-23 15:05:31'),
(309, ' Hóc Môn', 'hoc-mon', NULL, 'Phường', 2, 23, 1, 182, 1, '2017-06-23 15:05:31', '2017-06-23 15:05:31'),
(310, 'Bà Điểm', 'ba-diem', NULL, 'Phường', 3, 23, 1, 175, 1, '2017-06-23 15:05:31', '2017-06-23 15:05:31'),
(311, 'Nhị Bình', 'nhi-binh', NULL, 'Xã', 4, 23, 1, 171, 1, '2017-06-23 15:05:31', '2017-06-23 15:05:31'),
(312, 'Tân Hiệp', 'tan-hiep', NULL, 'Xã', 5, 23, 1, 177, 1, '2017-06-23 15:05:31', '2017-06-23 15:05:31'),
(313, 'Tân Thới Nhì', 'tan-thoi-nhi', NULL, 'Xã', 6, 23, 1, 181, 1, '2017-06-23 15:05:32', '2017-06-23 15:05:32'),
(314, 'Tân Xuân', 'tan-xuan', NULL, 'Xã', 7, 23, 1, 11908, 1, '2017-06-23 15:05:32', '2017-06-23 15:05:32'),
(315, 'Thới Tam Thôn', 'thoi-tam-thon', NULL, 'Xã', 8, 23, 1, 178, 1, '2017-06-23 15:05:32', '2017-06-23 15:05:32'),
(316, 'Trung Chánh', 'trung-chanh', NULL, 'Xã', 9, 23, 1, 179, 1, '2017-06-23 15:05:32', '2017-06-23 15:05:32'),
(317, 'Xuân Thới Đông', 'xuan-thoi-dong', NULL, 'Xã', 10, 23, 1, 172, 1, '2017-06-23 15:05:32', '2017-06-23 15:05:32'),
(318, 'Xuân Thới Sơn', 'xuan-thoi-son', NULL, 'Xã', 11, 23, 1, 174, 1, '2017-06-23 15:05:32', '2017-06-23 15:05:32'),
(319, 'Xuân Thới Thượng', 'xuan-thoi-thuong', NULL, 'Xã', 12, 23, 1, 173, 1, '2017-06-23 15:05:32', '2017-06-23 15:05:32'),
(320, 'Hiệp Phước', 'hiep-phuoc', NULL, 'Phường', 1, 24, 1, 11917, 1, '2017-06-23 15:05:32', '2017-06-23 15:05:32'),
(321, 'Long Thới', 'long-thoi', NULL, 'Xã', 2, 24, 1, 189, 1, '2017-06-23 15:05:32', '2017-06-23 15:05:32'),
(322, 'Nhà Bè', 'nha-be', NULL, 'Thị trấn', 3, 24, 1, 191, 1, '2017-06-23 15:05:32', '2017-06-23 15:05:32'),
(323, 'Nhơn Đức', 'nhon-duc', NULL, 'Xã', 4, 24, 1, 188, 1, '2017-06-23 15:05:32', '2017-06-23 15:05:32'),
(324, 'Phú Xuân', 'phu-xuan', NULL, 'Xã', 5, 24, 1, 190, 1, '2017-06-23 15:05:32', '2017-06-23 15:05:32'),
(325, 'Phước Kiển', 'phuoc-kien', NULL, 'Xã', 6, 24, 1, 187, 1, '2017-06-23 15:05:32', '2017-06-23 15:05:32'),
(326, 'Phước Lộc', 'phuoc-loc', NULL, 'Xã', 7, 24, 1, 11974, 1, '2017-06-23 15:05:33', '2017-06-23 15:05:33'),
(327, 'An Thạnh', 'an-thanh', NULL, 'Xã', 1, 86, 6, 2168, 1, '2017-07-08 08:20:03', '2017-07-08 08:20:03'),
(328, 'Bến Lức', 'ben-luc', NULL, 'Thị trấn', 2, 86, 6, 2167, 1, '2017-07-08 08:20:03', '2017-07-08 08:20:03'),
(329, 'Bình Đức', 'binh-duc', NULL, 'Xã', 3, 86, 6, 2169, 1, '2017-07-08 08:20:03', '2017-07-08 08:20:03'),
(330, 'Long Hiệp', 'long-hiep', NULL, 'Xã', 4, 86, 6, 2170, 1, '2017-07-08 08:20:03', '2017-07-08 08:20:03'),
(331, 'Lương Bình', 'luong-binh', NULL, 'Xã', 5, 86, 6, 2171, 1, '2017-07-08 08:20:03', '2017-07-08 08:20:03'),
(332, 'Lương Hòa', 'luong-hoa', NULL, 'Xã', 6, 86, 6, 2172, 1, '2017-07-08 08:20:03', '2017-07-08 08:20:03'),
(333, 'Mỹ Yên', 'my-yen', NULL, 'Xã', 7, 86, 6, 2173, 1, '2017-07-08 08:20:03', '2017-07-08 08:20:03'),
(334, 'Nhựt Chánh', 'nhut-chanh', NULL, 'Xã', 8, 86, 6, 2174, 1, '2017-07-08 08:20:03', '2017-07-08 08:20:03'),
(335, 'Phước Lợi', 'phuoc-loi', NULL, 'Xã', 9, 86, 6, 2175, 1, '2017-07-08 08:20:03', '2017-07-08 08:20:03'),
(336, 'Tân Bửu', 'tan-buu', NULL, 'Xã', 10, 86, 6, 2176, 1, '2017-07-08 08:20:03', '2017-07-08 08:20:03'),
(337, 'Tân Hòa', 'tan-hoa', NULL, 'Xã', 11, 86, 6, 2177, 1, '2017-07-08 08:20:03', '2017-07-08 08:20:03'),
(338, 'Thạnh Đức', 'thanh-duc', NULL, 'Xã', 12, 86, 6, 2178, 1, '2017-07-08 08:20:03', '2017-07-08 08:20:03'),
(339, 'Thạnh Hòa', 'thanh-hoa', NULL, 'Xã', 13, 86, 6, 2179, 1, '2017-07-08 08:20:03', '2017-07-08 08:20:03'),
(340, 'Thạnh Lợi', 'thanh-loi', NULL, 'Xã', 14, 86, 6, 2180, 1, '2017-07-08 08:20:03', '2017-07-08 08:20:03'),
(341, 'Thanh Phú', 'thanh-phu', NULL, 'Xã', 15, 86, 6, 2181, 1, '2017-07-08 08:20:03', '2017-07-08 08:20:03'),
(342, 'Cần Đước', 'can-duoc', NULL, 'Thị trấn', 1, 87, 6, 2182, 1, '2017-07-08 08:20:03', '2017-07-08 08:20:03'),
(343, 'Long Cang', 'long-cang', NULL, 'Xã', 2, 87, 6, 2183, 1, '2017-07-08 08:20:03', '2017-07-08 08:20:03'),
(344, 'Long Định', 'long-dinh', NULL, 'Xã', 3, 87, 6, 2184, 1, '2017-07-08 08:20:03', '2017-07-08 08:20:03'),
(345, 'Long Hòa', 'long-hoa', NULL, 'Xã', 4, 87, 6, 2185, 1, '2017-07-08 08:20:03', '2017-07-08 08:20:03'),
(346, 'Long Hựu Đông', 'long-huu-dong', NULL, 'Xã', 5, 87, 6, 2186, 1, '2017-07-08 08:20:03', '2017-07-08 08:20:03'),
(347, 'Long Hựu Tây', 'long-huu-tay', NULL, 'Xã', 6, 87, 6, 2187, 1, '2017-07-08 08:20:03', '2017-07-08 08:20:03'),
(348, 'Long Khê', 'long-khe', NULL, 'Xã', 7, 87, 6, 2189, 1, '2017-07-08 08:20:03', '2017-07-08 08:20:03'),
(349, 'Long Sơn', 'long-son', NULL, 'Xã', 8, 87, 6, 2190, 1, '2017-07-08 08:20:03', '2017-07-08 08:20:03'),
(350, 'Long Thạnh', 'long-thanh', NULL, 'Xã', 9, 87, 6, 12120, 1, '2017-07-08 08:20:03', '2017-07-08 08:20:03'),
(351, 'Long Trạch', 'long-trach', NULL, 'Xã', 10, 87, 6, 2191, 1, '2017-07-08 08:20:03', '2017-07-08 08:20:03'),
(352, 'Mỹ Lệ', 'my-le', NULL, 'Xã', 11, 87, 6, 2192, 1, '2017-07-08 08:20:03', '2017-07-08 08:20:03'),
(353, 'Phước Đông', 'phuoc-dong', NULL, 'Xã', 12, 87, 6, 2193, 1, '2017-07-08 08:20:03', '2017-07-08 08:20:03'),
(354, 'Phước Tuy', 'phuoc-tuy', NULL, 'Xã', 13, 87, 6, 2194, 1, '2017-07-08 08:20:03', '2017-07-08 08:20:03'),
(355, 'Phước Vân', 'phuoc-van', NULL, 'Xã', 14, 87, 6, 2195, 1, '2017-07-08 08:20:03', '2017-07-08 08:20:03'),
(356, 'Tân Ân', 'tan-an', NULL, 'Xã', 15, 87, 6, 2196, 1, '2017-07-08 08:20:03', '2017-07-08 08:20:03'),
(357, 'Tân Chánh', 'tan-chanh', NULL, 'Xã', 16, 87, 6, 2197, 1, '2017-07-08 08:20:03', '2017-07-08 08:20:03'),
(358, 'Tân Lân', 'tan-lan', NULL, 'Xã', 17, 87, 6, 2198, 1, '2017-07-08 08:20:03', '2017-07-08 08:20:03'),
(359, 'Tân Trạch', 'tan-trach', NULL, 'Xã', 18, 87, 6, 2199, 1, '2017-07-08 08:20:03', '2017-07-08 08:20:03'),
(360, 'Cần Giuộc', 'can-giuoc', NULL, 'Thị trấn', 1, 88, 6, 2200, 1, '2017-07-08 08:20:05', '2017-07-08 08:20:05'),
(361, 'Đông Thạnh', 'dong-thanh', NULL, 'Xã', 2, 88, 6, 2211, 1, '2017-07-08 08:20:05', '2017-07-08 08:20:05'),
(362, 'Long An', 'long-an', NULL, 'Xã', 3, 88, 6, 2203, 1, '2017-07-08 08:20:05', '2017-07-08 08:20:05'),
(363, 'Long Hậu', 'long-hau', NULL, 'Xã', 4, 88, 6, 2216, 1, '2017-07-08 08:20:05', '2017-07-08 08:20:05'),
(364, 'Long Phụng', 'long-phung', NULL, 'Xã', 5, 88, 6, 2210, 1, '2017-07-08 08:20:05', '2017-07-08 08:20:05'),
(365, 'Long Thượng', 'long-thuong', NULL, 'Xã', 6, 88, 6, 2208, 1, '2017-07-08 08:20:05', '2017-07-08 08:20:05'),
(366, 'Mỹ Lộc', 'my-loc', NULL, 'Xã', 7, 88, 6, 2206, 1, '2017-07-08 08:20:05', '2017-07-08 08:20:05'),
(367, 'Phước Hậu', 'phuoc-hau', NULL, 'Xã', 8, 88, 6, 2207, 1, '2017-07-08 08:20:05', '2017-07-08 08:20:05'),
(368, 'Phước Lại', 'phuoc-lai', NULL, 'Xã', 9, 88, 6, 2215, 1, '2017-07-08 08:20:05', '2017-07-08 08:20:05'),
(369, 'Phước Lâm', 'phuoc-lam', NULL, 'Xã', 10, 88, 6, 2205, 1, '2017-07-08 08:20:05', '2017-07-08 08:20:05'),
(370, 'Phước Lý', 'phuoc-ly', NULL, 'Xã', 11, 88, 6, 2209, 1, '2017-07-08 08:20:05', '2017-07-08 08:20:05'),
(371, 'Phước Vĩnh Đông', 'phuoc-vinh-dong', NULL, 'Xã', 12, 88, 6, 2213, 1, '2017-07-08 08:20:05', '2017-07-08 08:20:05'),
(372, 'Phước Vĩnh Tây', 'phuoc-vinh-tay', NULL, 'Xã', 13, 88, 6, 2214, 1, '2017-07-08 08:20:05', '2017-07-08 08:20:05'),
(373, 'Tân Kim', 'tan-kim', NULL, 'Xã', 14, 88, 6, 2201, 1, '2017-07-08 08:20:05', '2017-07-08 08:20:05'),
(374, 'Tân Tập', 'tan-tap', NULL, 'Xã', 15, 88, 6, 2212, 1, '2017-07-08 08:20:05', '2017-07-08 08:20:05'),
(375, 'Thuận Thành', 'thuan-thanh', NULL, 'Xã', 16, 88, 6, 2204, 1, '2017-07-08 08:20:05', '2017-07-08 08:20:05'),
(376, 'Trường Bình', 'truong-binh', NULL, 'Xã', 17, 88, 6, 12104, 1, '2017-07-08 08:20:05', '2017-07-08 08:20:05'),
(377, 'An Lục Long', 'an-luc-long', NULL, 'Xã', 1, 89, 6, 2218, 1, '2017-07-08 08:20:05', '2017-07-08 08:20:05'),
(378, 'Bình Quới', 'binh-quoi', NULL, 'Xã', 2, 89, 6, 2219, 1, '2017-07-08 08:20:05', '2017-07-08 08:20:05'),
(379, 'Bình Quới.', 'binh-quoi', NULL, 'Xã', 3, 89, 6, 2220, 1, '2017-07-08 08:20:05', '2017-07-08 08:20:05'),
(380, 'Dương Xuân Hội.', 'duong-xuan-hoi', NULL, 'Xã', 4, 89, 6, 2221, 1, '2017-07-08 08:20:05', '2017-07-08 08:20:05'),
(381, 'Hiệp Thạnh', 'hiep-thanh', NULL, 'Xã', 5, 89, 6, 2222, 1, '2017-07-08 08:20:05', '2017-07-08 08:20:05'),
(382, 'Hòa Phú', 'hoa-phu', NULL, 'Xã', 6, 89, 6, 2223, 1, '2017-07-08 08:20:05', '2017-07-08 08:20:05'),
(383, 'Long Trì.', 'long-tri', NULL, 'Xã', 7, 89, 6, 2224, 1, '2017-07-08 08:20:05', '2017-07-08 08:20:05'),
(384, 'Phú Ngãi Trị.', 'phu-ngai-tri', NULL, 'Xã', 8, 89, 6, 2225, 1, '2017-07-08 08:20:05', '2017-07-08 08:20:05'),
(385, 'Phước Tân Hưng.', 'phuoc-tan-hung', NULL, 'Xã', 9, 89, 6, 2226, 1, '2017-07-08 08:20:05', '2017-07-08 08:20:05'),
(386, 'Tầm Vu', 'tam-vu', NULL, 'Thị trấn', 10, 89, 6, 2217, 1, '2017-07-08 08:20:05', '2017-07-08 08:20:05'),
(387, 'Thanh Phú Long', 'thanh-phu-long', NULL, 'Xã', 11, 89, 6, 2227, 1, '2017-07-08 08:20:05', '2017-07-08 08:20:05'),
(388, 'Thanh Vĩnh Đông.', 'thanh-vinh-dong', NULL, 'Xã', 12, 89, 6, 2228, 1, '2017-07-08 08:20:05', '2017-07-08 08:20:05'),
(389, 'Thuận Mỹ.', 'thuan-my', NULL, 'Xã', 13, 89, 6, 2229, 1, '2017-07-08 08:20:05', '2017-07-08 08:20:05'),
(390, 'Vĩnh Công', 'vinh-cong', NULL, 'Xã', 14, 89, 6, 2230, 1, '2017-07-08 08:20:05', '2017-07-08 08:20:05'),
(391, 'An Ninh Đông', 'an-ninh-dong', NULL, 'Xã', 1, 90, 6, 2245, 1, '2017-07-08 08:20:05', '2017-07-08 08:20:05'),
(392, 'An Ninh Tây', 'an-ninh-tay', NULL, 'Xã', 2, 90, 6, 2248, 1, '2017-07-08 08:20:05', '2017-07-08 08:20:05'),
(393, 'Đức Hòa', 'duc-hoa', NULL, 'Thị trấn', 3, 90, 6, 2232, 1, '2017-07-08 08:20:05', '2017-07-08 08:20:05'),
(394, 'Đức Hoà Đông', 'duc-hoa-dong', NULL, 'Xã', 4, 90, 6, 2261, 1, '2017-07-08 08:20:05', '2017-07-08 08:20:05'),
(395, 'Đức Hoà Hạ', 'duc-hoa-ha', NULL, 'Xã', 5, 90, 6, 2277, 1, '2017-07-08 08:20:05', '2017-07-08 08:20:05'),
(396, 'Đức Hoà Thượng', 'duc-hoa-thuong', NULL, 'Xã', 6, 90, 6, 2260, 1, '2017-07-08 08:20:05', '2017-07-08 08:20:05'),
(397, 'Đức Lập Hạ', 'duc-lap-ha', NULL, 'Xã', 7, 90, 6, 2259, 1, '2017-07-08 08:20:05', '2017-07-08 08:20:05'),
(398, 'Đức Lập Thượng', 'duc-lap-thuong', NULL, 'Xã', 8, 90, 6, 2258, 1, '2017-07-08 08:20:05', '2017-07-08 08:20:05'),
(399, 'Hậu Nghĩa', 'hau-nghia', NULL, 'Thị trấn', 9, 90, 6, 2231, 1, '2017-07-08 08:20:05', '2017-07-08 08:20:05'),
(400, 'Hiệp Hòa', 'hiep-hoa', NULL, 'Thị trấn', 10, 90, 6, 2233, 1, '2017-07-08 08:20:05', '2017-07-08 08:20:05'),
(401, 'Hoà Khánh Đông', 'hoa-khanh-dong', NULL, 'Xã', 11, 90, 6, 2256, 1, '2017-07-08 08:20:05', '2017-07-08 08:20:05'),
(402, 'Hoà Khánh Nam', 'hoa-khanh-nam', NULL, 'Xã', 12, 90, 6, 2257, 1, '2017-07-08 08:20:05', '2017-07-08 08:20:05'),
(403, 'Hòa Khánh Tây', 'hoa-khanh-tay', NULL, 'Xã', 13, 90, 6, 2255, 1, '2017-07-08 08:20:05', '2017-07-08 08:20:05'),
(404, 'Hựu Thạnh', 'huu-thanh', NULL, 'Xã', 14, 90, 6, 2286, 1, '2017-07-08 08:20:05', '2017-07-08 08:20:05'),
(405, 'Lộc Giang', 'loc-giang', NULL, 'Xã', 15, 90, 6, 2239, 1, '2017-07-08 08:20:05', '2017-07-08 08:20:05'),
(406, 'Mỹ Hạnh Bắc', 'my-hanh-bac', NULL, 'Xã', 16, 90, 6, 2279, 1, '2017-07-08 08:20:05', '2017-07-08 08:20:05'),
(407, 'Mỹ Hạnh Nam', 'my-hanh-nam', NULL, 'Xã', 17, 90, 6, 2283, 1, '2017-07-08 08:20:05', '2017-07-08 08:20:05'),
(408, 'Tân Mỹ', 'tan-my', NULL, 'Xã', 18, 90, 6, 2251, 1, '2017-07-08 08:20:05', '2017-07-08 08:20:05'),
(409, 'Tân Phú', 'tan-phu', NULL, 'Xã', 19, 90, 6, 2254, 1, '2017-07-08 08:20:05', '2017-07-08 08:20:05'),
(410, 'Bình Hòa Bắc', 'binh-hoa-bac', NULL, 'Xã', 1, 91, 6, 2288, 1, '2017-07-08 08:20:06', '2017-07-08 08:20:06'),
(411, 'Bình Hòa Hưng', 'binh-hoa-hung', NULL, 'Xã', 2, 91, 6, 2292, 1, '2017-07-08 08:20:06', '2017-07-08 08:20:06'),
(412, 'Bình Hòa Nam', 'binh-hoa-nam', NULL, 'Xã', 3, 91, 6, 2295, 1, '2017-07-08 08:20:06', '2017-07-08 08:20:06'),
(413, 'Bình Thành', 'binh-thanh', NULL, 'Xã', 4, 91, 6, 2300, 1, '2017-07-08 08:20:06', '2017-07-08 08:20:06'),
(414, 'Đông Thành', 'dong-thanh', NULL, 'Thị trấn', 5, 91, 6, 2287, 1, '2017-07-08 08:20:06', '2017-07-08 08:20:06'),
(415, 'Mỹ Bình', 'my-binh', NULL, 'Xã', 6, 91, 6, 2303, 1, '2017-07-08 08:20:06', '2017-07-08 08:20:06'),
(416, 'Mỹ Quý Đông', 'my-quy-dong', NULL, 'Xã', 7, 91, 6, 2304, 1, '2017-07-08 08:20:06', '2017-07-08 08:20:06'),
(417, 'Mỹ Quý Tây', 'my-quy-tay', NULL, 'Xã', 8, 91, 6, 2305, 1, '2017-07-08 08:20:06', '2017-07-08 08:20:06'),
(418, 'Mỹ Thạnh Bắc.', 'my-thanh-bac', NULL, 'Xã', 9, 91, 6, 2307, 1, '2017-07-08 08:20:06', '2017-07-08 08:20:06'),
(419, 'Mỹ Thạnh Đông', 'my-thanh-dong', NULL, 'Xã', 10, 91, 6, 2311, 1, '2017-07-08 08:20:06', '2017-07-08 08:20:06'),
(420, 'Mỹ Thạnh Tây.', 'my-thanh-tay', NULL, 'Xã', 11, 91, 6, 2315, 1, '2017-07-08 08:20:06', '2017-07-08 08:20:06'),
(421, 'Bình Hòa Đông', 'binh-hoa-dong', NULL, 'Xã', 1, 92, 6, 2330, 1, '2017-07-08 08:20:06', '2017-07-08 08:20:06'),
(422, 'Bình Hòa Tây', 'binh-hoa-tay', NULL, 'Xã', 2, 92, 6, 2327, 1, '2017-07-08 08:20:06', '2017-07-08 08:20:06'),
(423, 'Bình Hòa Trung', 'binh-hoa-trung', NULL, 'Xã', 3, 92, 6, 2340, 1, '2017-07-08 08:20:06', '2017-07-08 08:20:06'),
(424, 'Bình Phong Thạnh', 'binh-phong-thanh', NULL, 'Xã', 4, 92, 6, 2338, 1, '2017-07-08 08:20:06', '2017-07-08 08:20:06'),
(425, 'Bình Thạnh', 'binh-thanh', NULL, 'Xã', 5, 92, 6, 2347, 1, '2017-07-08 08:20:06', '2017-07-08 08:20:06'),
(426, 'Tân Lập', 'tan-lap', NULL, 'Xã', 6, 92, 6, 2336, 1, '2017-07-08 08:20:06', '2017-07-08 08:20:06'),
(427, 'Tân Thành', 'tan-thanh', NULL, 'Xã', 7, 92, 6, 2346, 1, '2017-07-08 08:20:06', '2017-07-08 08:20:06'),
(428, 'Bình Thạnh', 'binh-thanh', NULL, 'Thị trấn', 1, 93, 6, 2349, 1, '2017-07-08 08:20:07', '2017-07-08 08:20:07'),
(429, 'Hưng Điền', 'hung-dien', NULL, 'Xã', 2, 93, 6, 2355, 1, '2017-07-08 08:20:07', '2017-07-08 08:20:07'),
(430, 'Hưng Điền B', 'hung-dien-b', NULL, 'Xã', 3, 93, 6, 2352, 1, '2017-07-08 08:20:07', '2017-07-08 08:20:07'),
(431, 'Hưng Hà', 'hung-ha', NULL, 'Xã', 4, 93, 6, 2357, 1, '2017-07-08 08:20:07', '2017-07-08 08:20:07'),
(432, 'Hưng Thạnh', 'hung-thanh', NULL, 'Xã', 5, 93, 6, 2361, 1, '2017-07-08 08:20:07', '2017-07-08 08:20:07'),
(433, 'Tân Hưng', 'tan-hung', NULL, 'Thị trấn', 6, 93, 6, 12195, 1, '2017-07-08 08:20:07', '2017-07-08 08:20:07'),
(434, 'Thạnh Hưng', 'thanh-hung', NULL, 'Xã', 7, 93, 6, 2365, 1, '2017-07-08 08:20:07', '2017-07-08 08:20:07'),
(435, 'Vĩnh Bữu', 'vinh-buu', NULL, 'Xã', 8, 93, 6, 2367, 1, '2017-07-08 08:20:07', '2017-07-08 08:20:07'),
(436, 'Vĩnh Châu A', 'vinh-chau-a', NULL, 'Xã', 9, 93, 6, 2371, 1, '2017-07-08 08:20:07', '2017-07-08 08:20:07'),
(437, 'Vĩnh Châu B', 'vinh-chau-b', NULL, 'Xã', 10, 93, 6, 2374, 1, '2017-07-08 08:20:07', '2017-07-08 08:20:07'),
(438, 'Vĩnh Đại', 'vinh-dai', NULL, 'Xã', 11, 93, 6, 2378, 1, '2017-07-08 08:20:07', '2017-07-08 08:20:07'),
(439, 'Vĩnh Lợi', 'vinh-loi', NULL, 'Xã', 12, 93, 6, 2379, 1, '2017-07-08 08:20:07', '2017-07-08 08:20:07'),
(440, 'Vĩnh Thạnh', 'vinh-thanh', NULL, 'Xã', 13, 93, 6, 2380, 1, '2017-07-08 08:20:07', '2017-07-08 08:20:07'),
(441, 'Bắc Hoà', 'bac-hoa', NULL, 'Xã', 1, 94, 6, 2461, 1, '2017-07-08 08:20:07', '2017-07-08 08:20:07'),
(442, 'Hậu Thạnh Đông', 'hau-thanh-dong', NULL, 'Xã', 2, 94, 6, 2459, 1, '2017-07-08 08:20:07', '2017-07-08 08:20:07'),
(443, 'Hậu Thạnh Tây', 'hau-thanh-tay', NULL, 'Xã', 3, 94, 6, 2460, 1, '2017-07-08 08:20:07', '2017-07-08 08:20:07'),
(444, 'Kiến Bình', 'kien-binh', NULL, 'Xã', 4, 94, 6, 2450, 1, '2017-07-08 08:20:07', '2017-07-08 08:20:07'),
(445, 'Nhơn Hoà', 'nhon-hoa', NULL, 'Xã', 5, 94, 6, 2456, 1, '2017-07-08 08:20:07', '2017-07-08 08:20:07'),
(446, 'Nhơn Hoà Lập', 'nhon-hoa-lap', NULL, 'Xã', 6, 94, 6, 2458, 1, '2017-07-08 08:20:07', '2017-07-08 08:20:07'),
(447, 'Nhơn Ninh', 'nhon-ninh', NULL, 'Xã', 7, 94, 6, 2453, 1, '2017-07-08 08:20:07', '2017-07-08 08:20:07'),
(448, 'Tân Bình', 'tan-binh', NULL, 'Xã', 8, 94, 6, 2451, 1, '2017-07-08 08:20:07', '2017-07-08 08:20:07'),
(449, 'Tân Hoà', 'tan-hoa', NULL, 'Xã', 9, 94, 6, 2452, 1, '2017-07-08 08:20:07', '2017-07-08 08:20:07'),
(450, 'Tân Lập', 'tan-lap', NULL, 'Xã', 10, 94, 6, 2457, 1, '2017-07-08 08:20:07', '2017-07-08 08:20:07'),
(451, 'Tân Ninh', 'tan-ninh', NULL, 'Xã', 11, 94, 6, 2454, 1, '2017-07-08 08:20:07', '2017-07-08 08:20:07'),
(452, 'Tân Thành', 'tan-thanh', NULL, 'Xã', 12, 94, 6, 2455, 1, '2017-07-08 08:20:07', '2017-07-08 08:20:07'),
(453, 'Tân Thạnh', 'tan-thanh', NULL, 'Thị trấn', 13, 94, 6, 2385, 1, '2017-07-08 08:20:07', '2017-07-08 08:20:07'),
(454, 'An Nhựt Tân', 'an-nhut-tan', NULL, 'Xã', 1, 95, 6, 2463, 1, '2017-07-08 08:20:07', '2017-07-08 08:20:07'),
(455, 'Bình Lãng', 'binh-lang', NULL, 'Xã', 2, 95, 6, 2464, 1, '2017-07-08 08:20:07', '2017-07-08 08:20:07'),
(456, 'Bình Tịnh', 'binh-tinh', NULL, 'Xã', 3, 95, 6, 2465, 1, '2017-07-08 08:20:07', '2017-07-08 08:20:07'),
(457, 'Bình Trinh Đông', 'binh-trinh-dong', NULL, 'Xã', 4, 95, 6, 2466, 1, '2017-07-08 08:20:07', '2017-07-08 08:20:07'),
(458, 'Đức Tân', 'duc-tan', NULL, 'Xã', 5, 95, 6, 2467, 1, '2017-07-08 08:20:07', '2017-07-08 08:20:07'),
(459, 'Lạc Tấn', 'lac-tan', NULL, 'Xã', 6, 95, 6, 2468, 1, '2017-07-08 08:20:07', '2017-07-08 08:20:07'),
(460, 'Mỹ Bình', 'my-binh', NULL, 'Xã', 7, 95, 6, 2469, 1, '2017-07-08 08:20:07', '2017-07-08 08:20:07'),
(461, 'Nhựt Ninh', 'nhut-ninh', NULL, 'Xã', 8, 95, 6, 2470, 1, '2017-07-08 08:20:07', '2017-07-08 08:20:07'),
(462, 'Quê Mỹ Thạnh', 'que-my-thanh', NULL, 'Xã', 9, 95, 6, 2471, 1, '2017-07-08 08:20:07', '2017-07-08 08:20:07'),
(463, 'Tân Phước Tây', 'tan-phuoc-tay', NULL, 'Xã', 10, 95, 6, 2472, 1, '2017-07-08 08:20:07', '2017-07-08 08:20:07'),
(464, 'Tân Trụ', 'tan-tru', NULL, 'Thị trấn', 11, 95, 6, 2462, 1, '2017-07-08 08:20:07', '2017-07-08 08:20:07'),
(465, 'Tân Đông', 'tan-dong', NULL, 'Xã', 1, 96, 6, 2474, 1, '2017-07-08 08:20:08', '2017-07-08 08:20:08'),
(466, 'Tân Hiệp', 'tan-hiep', NULL, 'Xã', 2, 96, 6, 2475, 1, '2017-07-08 08:20:08', '2017-07-08 08:20:08'),
(467, 'Tân Tây', 'tan-tay', NULL, 'Xã', 3, 96, 6, 2476, 1, '2017-07-08 08:20:08', '2017-07-08 08:20:08'),
(468, 'Thạnh An', 'thanh-an', NULL, 'Xã', 4, 96, 6, 2478, 1, '2017-07-08 08:20:08', '2017-07-08 08:20:08'),
(469, 'Thạnh Hóa', 'thanh-hoa', NULL, 'Thị trấn', 5, 96, 6, 2473, 1, '2017-07-08 08:20:08', '2017-07-08 08:20:08'),
(470, 'Thạnh Phú', 'thanh-phu', NULL, 'Xã', 6, 96, 6, 2479, 1, '2017-07-08 08:20:08', '2017-07-08 08:20:08');
INSERT INTO `ward` (`id`, `name`, `slug`, `meta_id`, `prefix`, `display_order`, `district_id`, `city_id`, `id_dothi`, `status`, `created_at`, `updated_at`) VALUES
(471, 'Thạnh Phước', 'thanh-phuoc', NULL, 'Xã', 7, 96, 6, 2480, 1, '2017-07-08 08:20:08', '2017-07-08 08:20:08'),
(472, 'Thuận Bình', 'thuan-binh', NULL, 'Xã', 8, 96, 6, 2481, 1, '2017-07-08 08:20:08', '2017-07-08 08:20:08'),
(473, 'Thuận Nghĩa Hòa', 'thuan-nghia-hoa', NULL, 'Xã', 9, 96, 6, 2482, 1, '2017-07-08 08:20:08', '2017-07-08 08:20:08'),
(474, 'Thủy Đông', 'thuy-dong', NULL, 'Xã', 10, 96, 6, 2483, 1, '2017-07-08 08:20:08', '2017-07-08 08:20:08'),
(475, 'Thủy Tây', 'thuy-tay', NULL, 'Xã', 11, 96, 6, 2484, 1, '2017-07-08 08:20:08', '2017-07-08 08:20:08'),
(476, 'Bình An', 'binh-an', NULL, 'Xã', 1, 97, 6, 2486, 1, '2017-07-08 08:20:08', '2017-07-08 08:20:08'),
(477, 'Bình Thạnh', 'binh-thanh', NULL, 'Xã', 2, 97, 6, 2487, 1, '2017-07-08 08:20:08', '2017-07-08 08:20:08'),
(478, 'Long Thành', 'long-thanh', NULL, 'Xã', 3, 97, 6, 2489, 1, '2017-07-08 08:20:08', '2017-07-08 08:20:08'),
(479, 'Long Thạnh', 'long-thanh', NULL, 'Xã', 4, 97, 6, 2488, 1, '2017-07-08 08:20:08', '2017-07-08 08:20:08'),
(480, 'Long Thuận', 'long-thuan', NULL, 'Xã', 5, 97, 6, 2490, 1, '2017-07-08 08:20:08', '2017-07-08 08:20:08'),
(481, 'Mỹ An', 'my-an', NULL, 'Xã', 6, 97, 6, 2491, 1, '2017-07-08 08:20:08', '2017-07-08 08:20:08'),
(482, 'Mỹ Lạc', 'my-lac', NULL, 'Xã', 7, 97, 6, 2492, 1, '2017-07-08 08:20:08', '2017-07-08 08:20:08'),
(483, 'Mỹ Phú', 'my-phu', NULL, 'Xã', 8, 97, 6, 2493, 1, '2017-07-08 08:20:08', '2017-07-08 08:20:08'),
(484, 'Mỹ Thạnh', 'my-thanh', NULL, 'Xã', 9, 97, 6, 2494, 1, '2017-07-08 08:20:08', '2017-07-08 08:20:08'),
(485, 'Nhị Thành', 'nhi-thanh', NULL, 'Xã', 10, 97, 6, 2495, 1, '2017-07-08 08:20:08', '2017-07-08 08:20:08'),
(486, 'Tân Lập', 'tan-lap', NULL, 'Xã', 11, 97, 6, 2496, 1, '2017-07-08 08:20:08', '2017-07-08 08:20:08'),
(487, 'Tân Thành', 'tan-thanh', NULL, 'Xã', 12, 97, 6, 2497, 1, '2017-07-08 08:20:08', '2017-07-08 08:20:08'),
(488, 'Thủ Thừa', 'thu-thua', NULL, 'Xã', 13, 97, 6, 2485, 1, '2017-07-08 08:20:08', '2017-07-08 08:20:08'),
(489, 'Hưng Điền A', 'hung-dien-a', NULL, 'Xã', 1, 98, 6, 2500, 1, '2017-07-08 08:20:08', '2017-07-08 08:20:08'),
(490, 'Khánh Hưng', 'khanh-hung', NULL, 'Xã', 2, 98, 6, 2499, 1, '2017-07-08 08:20:08', '2017-07-08 08:20:08'),
(491, 'Thái Bình Trung', 'thai-binh-trung', NULL, 'Xã', 3, 98, 6, 2503, 1, '2017-07-08 08:20:08', '2017-07-08 08:20:08'),
(492, 'Thái Trị', 'thai-tri', NULL, 'Xã', 4, 98, 6, 2502, 1, '2017-07-08 08:20:08', '2017-07-08 08:20:08'),
(493, 'Tuyên Bình', 'tuyen-binh', NULL, 'Xã', 5, 98, 6, 2506, 1, '2017-07-08 08:20:08', '2017-07-08 08:20:08'),
(494, 'Tuyên Bình Tây', 'tuyen-binh-tay', NULL, 'Xã', 6, 98, 6, 2507, 1, '2017-07-08 08:20:08', '2017-07-08 08:20:08'),
(495, 'Vĩnh Bình', 'vinh-binh', NULL, 'Xã', 7, 98, 6, 2504, 1, '2017-07-08 08:20:08', '2017-07-08 08:20:08'),
(496, 'Vĩnh Hưng', 'vinh-hung', NULL, 'Thị trấn', 8, 98, 6, 2498, 1, '2017-07-08 08:20:08', '2017-07-08 08:20:08'),
(497, 'Vĩnh Thuận', 'vinh-thuan', NULL, 'Xã', 9, 98, 6, 2505, 1, '2017-07-08 08:20:08', '2017-07-08 08:20:08'),
(498, 'Vĩnh Trị', 'vinh-tri', NULL, 'Xã', 10, 98, 6, 2501, 1, '2017-07-08 08:20:08', '2017-07-08 08:20:08'),
(499, '1', '1', NULL, 'Phường', 1, 99, 6, 2153, 1, '2017-07-08 08:20:08', '2017-07-08 08:20:08'),
(500, '2', '2', NULL, 'Phường', 2, 99, 6, 2154, 1, '2017-07-08 08:20:08', '2017-07-08 08:20:08'),
(501, '3', '3', NULL, 'Phường', 3, 99, 6, 2155, 1, '2017-07-08 08:20:08', '2017-07-08 08:20:08'),
(502, '4', '4', NULL, 'Phường', 4, 99, 6, 2156, 1, '2017-07-08 08:20:08', '2017-07-08 08:20:08'),
(503, '5', '5', NULL, 'Phường', 5, 99, 6, 2157, 1, '2017-07-08 08:20:08', '2017-07-08 08:20:08'),
(504, '6', '6', NULL, 'Phường', 6, 99, 6, 2158, 1, '2017-07-08 08:20:08', '2017-07-08 08:20:08'),
(505, '7', '7', NULL, 'Phường', 7, 99, 6, 2159, 1, '2017-07-08 08:20:08', '2017-07-08 08:20:08'),
(506, 'An Vĩnh Ngãi', 'an-vinh-ngai', NULL, 'Xã', 8, 99, 6, 2163, 1, '2017-07-08 08:20:08', '2017-07-08 08:20:08'),
(507, 'Bình Tâm', 'binh-tam', NULL, 'Xã', 9, 99, 6, 2165, 1, '2017-07-08 08:20:08', '2017-07-08 08:20:08'),
(508, 'Hướng Thọ Phú', 'huong-tho-phu', NULL, 'Xã', 10, 99, 6, 2162, 1, '2017-07-08 08:20:08', '2017-07-08 08:20:08'),
(509, 'Khánh Hậu', 'khanh-hau', NULL, 'Phường', 11, 99, 6, 2160, 1, '2017-07-08 08:20:08', '2017-07-08 08:20:08'),
(510, 'Lợi Bình Nhơn', 'loi-binh-nhon', NULL, 'Xã', 12, 99, 6, 2164, 1, '2017-07-08 08:20:08', '2017-07-08 08:20:08'),
(511, 'Nhơn Thạnh Trung', 'nhon-thanh-trung', NULL, 'Xã', 13, 99, 6, 2166, 1, '2017-07-08 08:20:08', '2017-07-08 08:20:08'),
(512, 'Tân Khánh', 'tan-khanh', NULL, 'Phường', 14, 99, 6, 2161, 1, '2017-07-08 08:20:08', '2017-07-08 08:20:08'),
(513, '1', '1', NULL, 'Phường', 1, 100, 6, 12192, 1, '2017-07-08 08:20:09', '2017-07-08 08:20:09'),
(514, '2', '2', NULL, 'Phường', 2, 100, 6, 12193, 1, '2017-07-08 08:20:09', '2017-07-08 08:20:09'),
(515, '3', '3', NULL, 'Phường', 3, 100, 6, 12194, 1, '2017-07-08 08:20:09', '2017-07-08 08:20:09'),
(516, 'Bình Hiệp', 'binh-hiep', NULL, 'Xã', 4, 100, 6, 2324, 1, '2017-07-08 08:20:09', '2017-07-08 08:20:09'),
(517, 'Bình Tân', 'binh-tan', NULL, 'Xã', 5, 100, 6, 2343, 1, '2017-07-08 08:20:09', '2017-07-08 08:20:09'),
(518, 'Thạnh Hưng', 'thanh-hung', NULL, 'Xã', 6, 100, 6, 2345, 1, '2017-07-08 08:20:09', '2017-07-08 08:20:09'),
(519, 'Thạnh Trị', 'thanh-tri', NULL, 'Xã', 7, 100, 6, 2321, 1, '2017-07-08 08:20:09', '2017-07-08 08:20:09'),
(520, 'Tuyên Thạnh', 'tuyen-thanh', NULL, 'Xã', 8, 100, 6, 2333, 1, '2017-07-08 08:20:09', '2017-07-08 08:20:09');

--
-- Indexes for dumped tables
--

--
-- Indexes for table `album`
--
ALTER TABLE `album`
  ADD PRIMARY KEY (`album_id`);

--
-- Indexes for table `area`
--
ALTER TABLE `area`
  ADD PRIMARY KEY (`id`);

--
-- Indexes for table `articles`
--
ALTER TABLE `articles`
  ADD PRIMARY KEY (`id`);

--
-- Indexes for table `articles_cate`
--
ALTER TABLE `articles_cate`
  ADD PRIMARY KEY (`id`);

--
-- Indexes for table `banner`
--
ALTER TABLE `banner`
  ADD PRIMARY KEY (`id`);

--
-- Indexes for table `block`
--
ALTER TABLE `block`
  ADD PRIMARY KEY (`id`);

--
-- Indexes for table `cate`
--
ALTER TABLE `cate`
  ADD PRIMARY KEY (`id`),
  ADD KEY `name_vi` (`name_vi`),
  ADD KEY `name_en` (`name_en`),
  ADD KEY `slug` (`slug`);

--
-- Indexes for table `city`
--
ALTER TABLE `city`
  ADD PRIMARY KEY (`id`),
  ADD UNIQUE KEY `code` (`code`);

--
-- Indexes for table `contact`
--
ALTER TABLE `contact`
  ADD PRIMARY KEY (`id`),
  ADD KEY `type` (`type`),
  ADD KEY `full_name` (`full_name`),
  ADD KEY `email` (`email`),
  ADD KEY `phone` (`phone`),
  ADD KEY `status` (`status`);

--
-- Indexes for table `customers`
--
ALTER TABLE `customers`
  ADD PRIMARY KEY (`id`);

--
-- Indexes for table `custom_link`
--
ALTER TABLE `custom_link`
  ADD PRIMARY KEY (`id`);

--
-- Indexes for table `district`
--
ALTER TABLE `district`
  ADD PRIMARY KEY (`id`);

--
-- Indexes for table `estate_type`
--
ALTER TABLE `estate_type`
  ADD PRIMARY KEY (`id`);

--
-- Indexes for table `groups`
--
ALTER TABLE `groups`
  ADD PRIMARY KEY (`id`);

--
-- Indexes for table `menu`
--
ALTER TABLE `menu`
  ADD PRIMARY KEY (`id`);

--
-- Indexes for table `meta_data`
--
ALTER TABLE `meta_data`
  ADD PRIMARY KEY (`id`);

--
-- Indexes for table `modules`
--
ALTER TABLE `modules`
  ADD PRIMARY KEY (`id`);

--
-- Indexes for table `newsletter`
--
ALTER TABLE `newsletter`
  ADD PRIMARY KEY (`id`),
  ADD UNIQUE KEY `email` (`email`),
  ADD KEY `status` (`status`);

--
-- Indexes for table `object_tag`
--
ALTER TABLE `object_tag`
  ADD UNIQUE KEY `object_id` (`object_id`,`tag_id`);

--
-- Indexes for table `pages`
--
ALTER TABLE `pages`
  ADD PRIMARY KEY (`id`);

--
-- Indexes for table `price`
--
ALTER TABLE `price`
  ADD PRIMARY KEY (`id`);

--
-- Indexes for table `price_unit`
--
ALTER TABLE `price_unit`
  ADD PRIMARY KEY (`id`);

--
-- Indexes for table `product`
--
ALTER TABLE `product`
  ADD PRIMARY KEY (`id`);

--
-- Indexes for table `product_img`
--
ALTER TABLE `product_img`
  ADD PRIMARY KEY (`id`),
  ADD KEY `product_id` (`product_id`),
  ADD KEY `image_url` (`image_url`);

--
-- Indexes for table `project`
--
ALTER TABLE `project`
  ADD PRIMARY KEY (`id`);

--
-- Indexes for table `seo`
--
ALTER TABLE `seo`
  ADD PRIMARY KEY (`id`);

--
-- Indexes for table `settings`
--
ALTER TABLE `settings`
  ADD PRIMARY KEY (`id`),
  ADD UNIQUE KEY `option_name` (`name`) USING BTREE;

--
-- Indexes for table `socials`
--
ALTER TABLE `socials`
  ADD PRIMARY KEY (`id`);

--
-- Indexes for table `tag`
--
ALTER TABLE `tag`
  ADD PRIMARY KEY (`id`);

--
-- Indexes for table `tag_objects`
--
ALTER TABLE `tag_objects`
  ADD PRIMARY KEY (`object_id`,`tag_id`,`type`);

--
-- Indexes for table `text`
--
ALTER TABLE `text`
  ADD PRIMARY KEY (`id`);

--
-- Indexes for table `type_bds`
--
ALTER TABLE `type_bds`
  ADD PRIMARY KEY (`id`);

--
-- Indexes for table `users`
--
ALTER TABLE `users`
  ADD PRIMARY KEY (`id`);

--
-- Indexes for table `video`
--
ALTER TABLE `video`
  ADD PRIMARY KEY (`id`);

--
-- Indexes for table `ward`
--
ALTER TABLE `ward`
  ADD PRIMARY KEY (`id`);

--
-- AUTO_INCREMENT for dumped tables
--

--
-- AUTO_INCREMENT for table `album`
--
ALTER TABLE `album`
  MODIFY `album_id` int(11) NOT NULL AUTO_INCREMENT;
--
-- AUTO_INCREMENT for table `area`
--
ALTER TABLE `area`
  MODIFY `id` int(11) NOT NULL AUTO_INCREMENT;
--
-- AUTO_INCREMENT for table `articles`
--
ALTER TABLE `articles`
  MODIFY `id` int(11) NOT NULL AUTO_INCREMENT, AUTO_INCREMENT=3;
--
-- AUTO_INCREMENT for table `articles_cate`
--
ALTER TABLE `articles_cate`
  MODIFY `id` int(11) NOT NULL AUTO_INCREMENT, AUTO_INCREMENT=6;
--
-- AUTO_INCREMENT for table `banner`
--
ALTER TABLE `banner`
  MODIFY `id` int(11) NOT NULL AUTO_INCREMENT;
--
-- AUTO_INCREMENT for table `block`
--
ALTER TABLE `block`
  MODIFY `id` int(11) NOT NULL AUTO_INCREMENT;
--
-- AUTO_INCREMENT for table `cate`
--
ALTER TABLE `cate`
  MODIFY `id` int(11) NOT NULL AUTO_INCREMENT, AUTO_INCREMENT=6;
--
-- AUTO_INCREMENT for table `city`
--
ALTER TABLE `city`
  MODIFY `id` int(11) NOT NULL AUTO_INCREMENT, AUTO_INCREMENT=64;
--
-- AUTO_INCREMENT for table `contact`
--
ALTER TABLE `contact`
  MODIFY `id` int(11) NOT NULL AUTO_INCREMENT;
--
-- AUTO_INCREMENT for table `customers`
--
ALTER TABLE `customers`
  MODIFY `id` int(11) NOT NULL AUTO_INCREMENT;
--
-- AUTO_INCREMENT for table `custom_link`
--
ALTER TABLE `custom_link`
  MODIFY `id` int(11) NOT NULL AUTO_INCREMENT;
--
-- AUTO_INCREMENT for table `district`
--
ALTER TABLE `district`
  MODIFY `id` int(11) NOT NULL AUTO_INCREMENT, AUTO_INCREMENT=708;
--
-- AUTO_INCREMENT for table `estate_type`
--
ALTER TABLE `estate_type`
  MODIFY `id` int(11) NOT NULL AUTO_INCREMENT;
--
-- AUTO_INCREMENT for table `groups`
--
ALTER TABLE `groups`
  MODIFY `id` int(11) NOT NULL AUTO_INCREMENT, AUTO_INCREMENT=8;
--
-- AUTO_INCREMENT for table `menu`
--
ALTER TABLE `menu`
  MODIFY `id` int(11) NOT NULL AUTO_INCREMENT;
--
-- AUTO_INCREMENT for table `meta_data`
--
ALTER TABLE `meta_data`
  MODIFY `id` bigint(20) NOT NULL AUTO_INCREMENT, AUTO_INCREMENT=10;
--
-- AUTO_INCREMENT for table `modules`
--
ALTER TABLE `modules`
  MODIFY `id` int(11) NOT NULL AUTO_INCREMENT, AUTO_INCREMENT=9;
--
-- AUTO_INCREMENT for table `newsletter`
--
ALTER TABLE `newsletter`
  MODIFY `id` int(11) NOT NULL AUTO_INCREMENT;
--
-- AUTO_INCREMENT for table `pages`
--
ALTER TABLE `pages`
  MODIFY `id` int(111) NOT NULL AUTO_INCREMENT;
--
-- AUTO_INCREMENT for table `price`
--
ALTER TABLE `price`
  MODIFY `id` int(11) NOT NULL AUTO_INCREMENT;
--
-- AUTO_INCREMENT for table `price_unit`
--
ALTER TABLE `price_unit`
  MODIFY `id` int(11) NOT NULL AUTO_INCREMENT;
--
-- AUTO_INCREMENT for table `product`
--
ALTER TABLE `product`
  MODIFY `id` int(11) NOT NULL AUTO_INCREMENT;
--
-- AUTO_INCREMENT for table `product_img`
--
ALTER TABLE `product_img`
  MODIFY `id` bigint(11) NOT NULL AUTO_INCREMENT;
--
-- AUTO_INCREMENT for table `project`
--
ALTER TABLE `project`
  MODIFY `id` int(11) NOT NULL AUTO_INCREMENT;
--
-- AUTO_INCREMENT for table `seo`
--
ALTER TABLE `seo`
  MODIFY `id` int(11) NOT NULL AUTO_INCREMENT;
--
-- AUTO_INCREMENT for table `settings`
--
ALTER TABLE `settings`
  MODIFY `id` bigint(20) UNSIGNED NOT NULL AUTO_INCREMENT;
--
-- AUTO_INCREMENT for table `socials`
--
ALTER TABLE `socials`
  MODIFY `id` int(11) NOT NULL AUTO_INCREMENT;
--
-- AUTO_INCREMENT for table `tag`
--
ALTER TABLE `tag`
  MODIFY `id` bigint(20) NOT NULL AUTO_INCREMENT;
--
-- AUTO_INCREMENT for table `text`
--
ALTER TABLE `text`
  MODIFY `id` int(11) NOT NULL AUTO_INCREMENT;
--
-- AUTO_INCREMENT for table `type_bds`
--
ALTER TABLE `type_bds`
  MODIFY `id` int(11) NOT NULL AUTO_INCREMENT;
--
-- AUTO_INCREMENT for table `users`
--
ALTER TABLE `users`
  MODIFY `id` int(11) NOT NULL AUTO_INCREMENT, AUTO_INCREMENT=3;
--
-- AUTO_INCREMENT for table `video`
--
ALTER TABLE `video`
  MODIFY `id` int(11) NOT NULL AUTO_INCREMENT;
--
-- AUTO_INCREMENT for table `ward`
--
ALTER TABLE `ward`
  MODIFY `id` int(11) NOT NULL AUTO_INCREMENT, AUTO_INCREMENT=521;COMMIT;

/*!40101 SET CHARACTER_SET_CLIENT=@OLD_CHARACTER_SET_CLIENT */;
/*!40101 SET CHARACTER_SET_RESULTS=@OLD_CHARACTER_SET_RESULTS */;
/*!40101 SET COLLATION_CONNECTION=@OLD_COLLATION_CONNECTION */;
